City_ID,City,Country,Date,Lat,Lng,Max Temp,Humidity,Cloudiness,Wind Speed
0,Santo Antonio Do Leverger,BR,2022-02-04 15:47:16,-15.8656,-56.0767,89.98,53,83,8.25
1,Cavan,IE,2022-02-04 15:47:17,53.9908,-7.3606,39.42,80,60,12.8
2,Asau,RO,2022-02-04 15:47:17,46.4333,26.4,36.52,81,90,5.44
3,Waverly,US,2022-02-04 15:47:17,42.7392,-84.6208,12.0,74,20,8.05
4,Jamestown,US,2022-02-04 15:43:14,42.097,-79.2353,20.52,65,100,5.01
5,Hilo,US,2022-02-04 15:47:18,19.7297,-155.09,67.24,76,0,6.91
6,Coihueco,CL,2022-02-04 15:47:18,-36.6167,-71.8333,72.34,56,20,9.22
7,Ushuaia,AR,2022-02-04 15:47:18,-54.8,-68.3,49.66,50,0,17.27
8,San Lawrenz,MT,2022-02-04 15:47:19,36.0553,14.204,60.21,82,6,4.0
9,Punta Arenas,CL,2022-02-04 15:47:19,-53.15,-70.9167,51.91,43,0,10.36
10,Hermanus,ZA,2022-02-04 15:46:59,-34.4187,19.2345,77.9,53,7,23.02
11,Bonfim,BR,2022-02-04 15:47:20,3.0833,-59.95,84.15,39,99,8.9
12,Egvekinot,RU,2022-02-04 15:47:20,66.3167,-179.1667,-1.53,62,0,16.11
13,Atuona,PF,2022-02-04 15:47:07,-9.8,-139.0333,78.37,75,11,16.46
14,Jalu,LY,2022-02-04 15:47:20,29.0331,21.5482,58.89,44,2,11.77
15,Yerbogachen,RU,2022-02-04 15:43:17,61.2767,108.0108,-18.71,100,85,2.91
16,Mbandaka,CD,2022-02-04 15:47:21,0.0487,18.2603,84.07,52,100,3.74
17,Marsh Harbour,BS,2022-02-04 15:47:21,26.5412,-77.0636,74.91,59,87,12.24
18,Bilibino,RU,2022-02-04 15:47:21,68.0546,166.4372,-9.17,78,0,4.97
19,Busselton,AU,2022-02-04 15:47:22,-33.65,115.3333,73.09,73,0,6.46
20,Srednekolymsk,RU,2022-02-04 15:47:22,67.45,153.6833,-33.63,100,100,1.7
21,Chokurdakh,RU,2022-02-04 15:47:22,70.6333,147.9167,-30.46,100,55,1.3
22,Chlorakas,CY,2022-02-04 15:47:23,34.8042,32.4083,56.28,68,20,6.91
23,Bredasdorp,ZA,2022-02-04 15:47:23,-34.5322,20.0403,71.28,46,40,14.97
24,Ratnagiri,IN,2022-02-04 15:47:23,16.9833,73.3,71.46,64,63,5.32
25,Santa Fe,AR,2022-02-04 15:42:29,-31.6333,-60.7,90.05,40,81,8.16
26,Barrow,US,2022-02-04 15:43:37,71.2906,-156.7887,-29.18,100,0,8.05
27,Kempsey,AU,2022-02-04 15:47:24,-31.0833,152.8333,61.95,91,66,4.0
28,Peniche,PT,2022-02-04 15:47:24,39.3558,-9.3811,62.62,85,100,11.99
29,East London,ZA,2022-02-04 15:47:25,-33.0153,27.9116,65.34,100,75,8.05
30,Morro Bay,US,2022-02-04 15:47:25,35.3658,-120.8499,48.33,56,19,1.01
31,Mataura,NZ,2022-02-04 15:47:25,-46.1927,168.8643,49.48,99,100,1.83
32,Yellowknife,CA,2022-02-04 15:47:15,62.456,-114.3525,-34.71,75,20,8.05
33,Kintampo,GH,2022-02-04 15:47:26,8.0563,-1.7306,95.11,8,3,4.74
34,Rikitea,PF,2022-02-04 15:47:26,-23.1203,-134.9692,77.97,72,97,11.07
35,Thompson,CA,2022-02-04 15:43:39,55.7435,-97.8558,-30.84,75,0,9.22
36,Saint-Joseph,RE,2022-02-04 15:47:27,-21.3667,55.6167,80.96,84,100,24.05
37,Erenhot,CN,2022-02-04 15:47:27,43.6475,111.9767,-0.08,86,35,7.45
38,Lebu,CL,2022-02-04 15:47:27,-37.6167,-73.65,64.76,77,12,15.28
39,Ahipara,NZ,2022-02-04 15:47:28,-35.1667,173.1667,71.22,87,96,14.65
40,Abha,SA,2022-02-04 15:47:28,18.2164,42.5053,64.22,72,40,11.5
41,Hithadhoo,MV,2022-02-04 15:43:57,-0.6,73.0833,82.31,73,40,11.65
42,Oistins,BB,2022-02-04 15:43:29,13.0667,-59.5333,77.09,83,75,25.32
43,Cururupu,BR,2022-02-04 15:47:29,-1.8283,-44.8683,85.51,67,87,6.11
44,Sitka,US,2022-02-04 15:47:29,57.0531,-135.33,42.69,87,100,11.5
45,Iqaluit,CA,2022-02-04 15:47:29,63.7506,-68.5145,-13.27,53,100,9.22
46,Sao Felix Do Xingu,BR,2022-02-04 15:48:30,-6.6447,-51.995,88.77,54,66,1.34
47,Rio Gallegos,AR,2022-02-04 15:48:30,-51.6226,-69.2181,50.05,43,40,10.36
48,Enshi,CN,2022-02-04 15:48:30,30.3,109.4833,41.38,81,67,1.19
49,Kapaa,US,2022-02-04 15:45:48,22.0752,-159.319,66.18,88,0,6.91
50,Port Elizabeth,ZA,2022-02-04 15:48:31,-33.918,25.5701,70.11,73,75,12.66
51,Sisimiut,GL,2022-02-04 15:48:31,66.9395,-53.6735,7.97,89,100,21.39
52,New Norfolk,AU,2022-02-04 15:48:32,-42.7826,147.0587,58.91,72,81,1.77
53,Sioux Lookout,CA,2022-02-04 15:48:32,50.1001,-91.917,-18.02,76,0,2.3
54,Vaitape,PF,2022-02-04 15:48:32,-16.5167,-151.75,81.1,70,22,13.96
55,Avarua,CK,2022-02-04 15:48:33,-21.2078,-159.775,77.05,83,100,4.61
56,Longyearbyen,SJ,2022-02-04 15:48:33,78.2186,15.6401,19.24,68,20,21.85
57,Tecoanapa,MX,2022-02-04 15:48:33,16.5167,-98.75,79.93,54,0,2.93
58,Kahului,US,2022-02-04 15:45:26,20.8947,-156.47,67.84,81,0,3.44
59,Padang,ID,2022-02-04 15:47:04,-0.9492,100.3543,75.76,93,100,3.8
60,Taman,RU,2022-02-04 15:48:34,45.2117,36.7161,32.34,80,100,20.6
61,Arraial Do Cabo,BR,2022-02-04 15:48:34,-22.9661,-42.0278,85.96,78,40,17.27
62,Taoudenni,ML,2022-02-04 15:48:35,22.6783,-3.9836,82.89,5,27,12.66
63,Sinnamary,GF,2022-02-04 15:44:03,5.3833,-52.95,78.94,86,97,10.74
64,Kyshtovka,RU,2022-02-04 15:48:35,56.555,76.6271,20.43,84,100,12.48
65,Albany,US,2022-02-04 15:45:06,42.6001,-73.9662,27.82,86,100,1.01
66,Butaritari,KI,2022-02-04 15:47:05,3.0707,172.7902,82.02,75,11,17.0
67,Saint-Augustin,CA,2022-02-04 15:48:36,51.226,-58.6502,-2.76,72,100,9.08
68,Berlevag,NO,2022-02-04 15:48:09,70.8578,29.0864,13.95,73,20,2.3
69,Flin Flon,CA,2022-02-04 15:48:36,54.7682,-101.865,-29.36,68,40,5.75
70,Port Alfred,ZA,2022-02-04 15:48:37,-33.5906,26.891,68.63,78,100,9.66
71,Havelock,US,2022-02-04 15:48:37,34.8791,-76.9013,75.06,88,100,13.0
72,Lewisporte,CA,2022-02-04 15:48:37,49.2499,-55.0482,22.71,91,100,10.76
73,Sur,OM,2022-02-04 15:48:38,22.5667,59.5289,71.49,53,17,4.72
74,Tilichiki,RU,2022-02-04 15:48:38,60.4667,166.1,-2.69,82,100,8.14
75,Nerchinsk,RU,2022-02-04 15:48:39,51.9833,116.5833,-22.63,100,23,2.39
76,Kaitangata,NZ,2022-02-04 15:48:39,-46.2817,169.8464,47.77,92,100,6.06
77,Pevek,RU,2022-02-04 15:48:39,69.7008,170.3133,-24.12,100,94,3.91
78,Saint George,US,2022-02-04 15:47:01,37.1041,-113.5841,34.36,47,0,3.0
79,Liku,ID,2022-02-04 15:48:40,-0.7275,119.8922,75.54,93,98,0.85
80,Bethel,US,2022-02-04 15:47:01,41.3712,-73.414,38.5,92,100,1.99
81,Puerto Ayora,EC,2022-02-04 15:48:40,-0.7393,-90.3518,78.76,89,33,4.0
82,Mar Del Plata,AR,2022-02-04 15:45:45,-38.0023,-57.5575,75.22,92,75,8.99
83,Kyra,RU,2022-02-04 15:48:40,49.5776,111.9753,-0.99,90,39,7.02
84,Vardo,NO,2022-02-04 15:48:41,70.3705,31.1107,19.38,79,40,17.27
85,Maracaju,BR,2022-02-04 15:48:41,-21.6144,-55.1683,85.41,65,96,14.36
86,Isangel,VU,2022-02-04 15:48:42,-19.55,169.2667,78.22,89,100,8.63
87,Bathsheba,BB,2022-02-04 15:48:42,13.2167,-59.5167,77.61,83,75,25.32
88,Nikolskoye,RU,2022-02-04 15:48:42,59.7035,30.7861,19.29,96,82,6.89
89,Vila Franca Do Campo,PT,2022-02-04 15:48:42,37.7167,-25.4333,65.19,65,100,12.03
90,Leningradskiy,RU,2022-02-04 15:48:43,69.3833,178.4167,-16.94,88,3,6.38
91,Sibolga,ID,2022-02-04 15:49:43,1.7427,98.7792,75.9,88,99,2.95
92,Bengkulu,ID,2022-02-04 15:49:43,-3.8004,102.2655,73.89,97,100,7.27
93,Torres,BR,2022-02-04 15:48:23,-29.3353,-49.7269,85.82,75,100,2.82
94,Anadyr,RU,2022-02-04 15:49:44,64.75,177.4833,-7.2,74,0,9.26
95,Mount Isa,AU,2022-02-04 15:49:44,-20.7333,139.5,73.17,38,68,8.05
96,Minab,IR,2022-02-04 15:49:44,27.1467,57.0801,71.1,64,1,3.42
97,Dikson,RU,2022-02-04 15:49:45,73.5069,80.5464,-2.06,89,100,5.53
98,Fare,PF,2022-02-04 15:48:06,-16.7,-151.0167,79.81,76,14,13.06
99,Omboue,GA,2022-02-04 15:49:45,-1.5746,9.2618,81.61,73,53,8.81
100,Burns Lake,CA,2022-02-04 15:45:04,54.2331,-125.7533,22.42,87,100,8.88
101,Castro,BR,2022-02-04 15:49:46,-24.7911,-50.0119,66.83,96,100,8.55
102,Hobyo,SO,2022-02-04 15:49:46,5.3505,48.5268,77.25,68,6,17.09
103,Qaanaaq,GL,2022-02-04 15:49:46,77.484,-69.3632,-7.37,61,96,8.88
104,Moron,AR,2022-02-04 15:49:47,-34.6534,-58.6198,84.02,61,63,3.78
105,Langenburg,DE,2022-02-04 15:49:47,49.2544,9.8458,44.85,78,100,12.66
106,Gondanglegi,ID,2022-02-04 15:49:47,-7.7479,112.0132,75.2,91,100,2.39
107,Honningsvag,NO,2022-02-04 15:49:48,70.9821,25.9704,15.55,79,75,18.41
108,Saint-Philippe,RE,2022-02-04 15:49:48,-21.3585,55.7679,81.95,87,100,28.95
109,Menongue,AO,2022-02-04 15:46:39,-14.6585,17.691,68.02,79,100,4.0
110,Baker City,US,2022-02-04 15:49:49,44.7749,-117.8344,22.59,85,0,0.0
111,Verkhnyaya Sinyachikha,RU,2022-02-04 15:49:49,57.976,61.6673,28.85,98,100,3.62
112,Mackay,AU,2022-02-04 15:46:34,-21.15,149.2,78.78,83,75,19.57
113,Black River,JM,2022-02-04 15:49:50,18.0264,-77.8487,82.4,57,0,1.3
114,Neuquen,AR,2022-02-04 15:49:50,-38.9516,-68.0591,78.69,38,40,5.75
115,Chuy,UY,2022-02-04 15:48:18,-33.6971,-53.4616,80.24,70,38,6.24
116,Tasiilaq,GL,2022-02-04 15:49:50,65.6145,-37.6368,17.76,58,100,35.48
117,Khatanga,RU,2022-02-04 15:47:04,71.9667,102.5,-34.58,100,99,3.58
118,Fort Nelson,CA,2022-02-04 15:46:34,58.8053,-122.7002,-11.61,77,100,2.3
119,Bluff,NZ,2022-02-04 15:49:51,-46.6,168.3333,49.8,66,66,10.8
120,Carnarvon,AU,2022-02-04 15:49:51,-24.8667,113.6333,82.47,57,9,13.8
121,Codrington,AU,2022-02-04 15:45:48,-38.2667,141.9667,54.7,93,53,7.99
122,Esperance,AU,2022-02-04 15:49:52,-33.8667,121.9,66.04,74,0,16.2
123,Suntar,RU,2022-02-04 15:49:52,62.1444,117.6319,-21.55,100,98,1.48
124,Vostok,RU,2022-02-04 15:49:53,46.4856,135.8833,-12.28,100,100,3.51
125,Atar,MR,2022-02-04 15:46:55,20.5169,-13.0499,88.3,7,14,6.78
126,Cherskiy,RU,2022-02-04 15:49:53,68.75,161.3,-34.69,99,8,3.42
127,Alyangula,AU,2022-02-04 15:49:53,-13.8483,136.4192,82.27,89,40,6.91
128,Sungaipenuh,ID,2022-02-04 15:49:54,-2.0833,101.3833,64.76,98,100,0.69
129,Cape Town,ZA,2022-02-04 15:47:37,-33.9258,18.4232,73.81,50,0,10.0
130,Ambon,ID,2022-02-04 15:49:54,-3.6954,128.1814,77.14,94,40,6.91
131,Karratha,AU,2022-02-04 15:49:55,-20.7377,116.8463,86.0,66,90,6.71
132,Benghazi,LY,2022-02-04 15:49:55,32.1167,20.0667,56.89,60,3,12.08
133,Dingle,PH,2022-02-04 15:49:55,10.9995,122.6711,73.76,93,100,12.28
134,Carberry,CA,2022-02-04 15:49:56,49.8689,-99.3602,-17.36,91,20,3.85
135,Hobart,AU,2022-02-04 15:50:56,-42.8794,147.3294,59.25,85,100,6.91
136,Half Moon Bay,US,2022-02-04 15:50:56,37.4636,-122.4286,50.88,85,0,0.0
137,Grand Gaube,MU,2022-02-04 15:50:57,-20.0064,57.6608,80.38,80,100,8.99
138,Oga,IT,2022-02-04 15:50:57,46.4631,10.347,42.69,80,2,1.86
139,Upernavik,GL,2022-02-04 15:50:58,72.7868,-56.1549,4.84,96,100,4.16
140,Hasaki,JP,2022-02-04 15:50:58,35.7333,140.8333,30.6,82,99,8.32
141,Katsuura,JP,2022-02-04 15:50:59,35.1333,140.3,48.22,86,28,9.13
142,Rumoi,JP,2022-02-04 15:50:59,43.9344,141.6428,22.93,77,99,7.36
143,New Iberia,US,2022-02-04 15:51:00,30.0035,-91.8187,37.4,81,100,13.8
144,Mahebourg,MU,2022-02-04 15:51:00,-20.4081,57.7,80.26,94,75,17.27
145,Kaffrine,SN,2022-02-04 15:51:01,14.1059,-15.5508,98.49,5,0,8.3
146,High Prairie,CA,2022-02-04 15:51:01,55.4334,-116.4858,7.9,95,100,4.7
147,Cabo San Lucas,MX,2022-02-04 15:47:46,22.8909,-109.9124,67.51,61,20,3.44
148,Nantucket,US,2022-02-04 15:51:02,41.2835,-70.0995,53.94,93,100,23.02
149,Maceio,BR,2022-02-04 15:51:02,-9.6658,-35.7353,89.04,51,75,13.8
150,Harnosand,SE,2022-02-04 15:51:03,62.6323,17.9379,35.62,95,100,16.06
151,Victoria,HK,2022-02-04 15:49:02,22.2855,114.1577,57.33,72,7,1.01
152,Kawalu,ID,2022-02-04 15:51:03,-7.3817,108.2082,73.31,95,93,2.04
153,Tuatapere,NZ,2022-02-04 15:51:03,-46.1333,167.6833,48.81,85,100,4.83
154,Torbay,CA,2022-02-04 15:51:04,47.6666,-52.7314,33.89,95,100,16.11
155,Airai,TL,2022-02-04 15:51:04,-8.9266,125.4092,61.39,89,100,1.83
156,Bafoulabe,ML,2022-02-04 15:51:04,13.8065,-10.8321,96.28,6,0,6.22
157,Ribas Do Rio Pardo,BR,2022-02-04 15:51:05,-20.4431,-53.7592,87.82,56,34,10.8
158,Nome,US,2022-02-04 15:51:05,64.5011,-165.4064,6.87,52,0,12.66
159,Rafraf,TN,2022-02-04 15:51:05,37.1904,10.1837,73.71,59,72,11.3
160,Urman,RU,2022-02-04 15:51:06,54.8831,56.8742,24.84,94,100,3.22
161,Tura,IN,2022-02-04 15:51:06,25.5198,90.2201,53.73,98,100,5.86
162,Jinxiang,CN,2022-02-04 15:51:06,27.4327,120.6062,46.29,73,100,9.78
163,Katobu,ID,2022-02-04 15:51:07,-4.9408,122.5276,75.69,90,83,2.53
164,Jackson,US,2022-02-04 15:47:07,42.4165,-122.8345,29.79,86,0,0.0
165,Ornes,NO,2022-02-04 15:51:08,66.8689,13.7078,23.7,80,100,14.74
166,Comodoro Rivadavia,AR,2022-02-04 15:51:08,-45.8667,-67.5,57.06,67,40,14.97
167,Rawson,AR,2022-02-04 15:51:08,-43.3002,-65.1023,64.06,69,98,24.94
168,Shelburne,CA,2022-02-04 15:51:09,44.0787,-80.2041,8.6,82,50,6.4
169,Pringsewu,ID,2022-02-04 15:51:09,-5.3582,104.9744,75.16,94,99,1.97
170,Touros,BR,2022-02-04 15:51:09,-5.1989,-35.4608,88.7,54,77,16.71
171,Ponta Do Sol,PT,2022-02-04 15:51:10,32.6667,-17.1,70.72,78,83,1.68
172,Jinchang,CN,2022-02-04 15:51:10,38.4953,102.1739,19.47,34,100,4.43
173,Cidreira,BR,2022-02-04 15:51:10,-30.1811,-50.2056,77.99,73,94,4.52
174,Okitipupa,NG,2022-02-04 15:51:11,6.5047,4.7839,90.86,42,42,9.57
175,Vaini,TO,2022-02-04 15:51:11,-21.2,-175.2,79.84,84,100,20.33
176,Tuktoyaktuk,CA,2022-02-04 15:51:12,69.4541,-133.0374,-25.6,68,20,8.05
177,Marystown,CA,2022-02-04 15:51:12,47.1666,-55.1483,38.86,100,100,7.0
178,Severo-Kurilsk,RU,2022-02-04 15:51:12,50.6789,156.125,27.54,87,100,3.87
179,Sitio Novo Do Tocantins,BR,2022-02-04 15:51:13,-5.5183,-47.4611,85.93,70,75,4.61
180,Sikeston,US,2022-02-04 15:48:00,36.8767,-89.5879,22.24,89,74,11.25
181,Terekli-Mekteb,RU,2022-02-04 15:51:13,44.1671,45.8698,43.23,76,100,10.31
182,Ewa Beach,US,2022-02-04 15:47:42,21.3156,-158.0072,68.68,81,0,3.0
183,Ishigaki,JP,2022-02-04 15:52:13,24.3448,124.1572,63.36,78,100,28.66
184,Lorengau,PG,2022-02-04 15:52:14,-2.0226,147.2712,80.55,75,74,6.96
185,Beyneu,KZ,2022-02-04 15:52:14,45.3167,55.2,40.42,73,100,19.17
186,Maningrida,AU,2022-02-04 15:52:14,-12.0667,134.2667,77.65,84,100,7.67
187,Basco,PH,2022-02-04 15:52:15,20.4487,121.9702,73.27,75,96,28.45
188,Golovino,RU,2022-02-04 15:52:15,55.9613,40.4251,15.78,95,99,7.54
189,Manbij,SY,2022-02-04 15:52:15,36.5281,37.9549,43.57,82,100,5.26
190,Biak,ID,2022-02-04 15:52:16,-0.9131,122.8766,76.24,84,100,3.71
191,Inirida,CO,2022-02-04 15:52:16,3.8653,-67.9239,91.92,50,70,1.25
192,Marquette,US,2022-02-04 15:52:16,46.5333,-87.6335,8.76,60,100,3.69
193,Fortuna,US,2022-02-04 15:52:17,40.5982,-124.1573,43.99,95,100,3.44
194,Kruisfontein,ZA,2022-02-04 15:52:17,-34.0033,24.7314,67.89,58,100,8.41
195,Yulara,AU,2022-02-04 15:52:17,-25.2406,130.9889,71.44,37,2,6.91
196,Sabang,ID,2022-02-04 15:52:17,5.8933,95.3214,82.9,74,35,14.25
197,Fasa,IR,2022-02-04 15:52:18,28.9383,53.6482,60.04,39,0,6.91
198,Dawei,MM,2022-02-04 15:52:18,14.0833,98.2,73.0,86,2,3.44
199,Cockburn Town,TC,2022-02-04 15:49:54,21.4612,-71.1419,75.88,70,0,19.73
200,Kormilovka,RU,2022-02-04 15:52:19,55.0026,74.1028,15.55,84,100,10.31
201,Souillac,MU,2022-02-04 15:52:19,-20.5167,57.5167,80.37,94,75,17.27
202,Meulaboh,ID,2022-02-04 15:52:19,4.1363,96.1285,77.9,86,100,4.12
203,Provideniya,RU,2022-02-04 15:52:20,64.3833,-173.3,-0.42,65,7,15.08
204,Tahoua,NE,2022-02-04 15:52:20,14.8888,5.2692,84.18,4,0,12.66
205,Lompoc,US,2022-02-04 15:49:24,34.6391,-120.4579,59.09,82,0,8.05
206,Ahuimanu,US,2022-02-04 15:52:20,21.4447,-157.8378,68.45,84,0,3.44
207,Lodwar,KE,2022-02-04 15:52:21,3.1191,35.5973,91.31,24,100,3.51
208,Laguna,US,2022-02-04 15:52:21,38.421,-121.4238,48.96,93,0,0.0
209,Rundu,NA,2022-02-04 15:52:21,-17.9333,19.7667,75.74,67,79,6.11
210,Tabou,CI,2022-02-04 15:48:25,4.423,-7.3528,84.34,66,92,10.25
211,Ostrovnoy,RU,2022-02-04 15:52:22,68.0531,39.5131,3.6,97,85,9.75
212,Puerto Del Rosario,ES,2022-02-04 15:52:22,28.5004,-13.8627,69.55,49,20,3.44
213,Salinopolis,BR,2022-02-04 15:52:22,-0.6136,-47.3561,82.51,74,95,9.6
214,Pandan Niog,PH,2022-02-04 15:52:23,6.2282,120.5631,81.03,75,83,11.5
215,Panorama,GR,2022-02-04 15:52:23,40.5878,23.0315,44.53,47,0,1.01
216,Nanortalik,GL,2022-02-04 15:52:23,60.1432,-45.2371,11.43,83,100,41.0
217,Puerto Quijarro,BO,2022-02-04 15:52:24,-17.7833,-57.7667,91.74,48,75,6.8
218,Oyama,JP,2022-02-04 15:52:24,36.3,139.8,42.58,50,1,2.04
219,Lata,PT,2022-02-04 15:52:24,40.1629,-8.3327,60.71,61,100,7.56
220,Hay River,CA,2022-02-04 15:52:25,60.8156,-115.7999,-18.42,76,75,4.61
221,Kosh-Agach,RU,2022-02-04 15:52:25,50.0,88.6667,-21.48,91,55,3.18
222,Boyuibe,BO,2022-02-04 15:52:25,-20.4167,-63.2833,76.91,37,19,5.88
223,Grand Baie,MU,2022-02-04 15:52:26,-20.0182,57.5802,80.46,80,100,8.99
224,Ratanpur,IN,2022-02-04 15:52:26,22.3,82.1667,61.0,29,0,7.34
225,Siniscola,IT,2022-02-04 15:52:26,40.5719,9.6922,60.35,63,76,1.45
226,Son La,VN,2022-02-04 15:52:27,21.3167,103.9,49.46,92,4,4.36
227,Darhan,MN,2022-02-04 15:52:27,49.4867,105.9228,-7.55,96,62,4.97
228,Izmit,TR,2022-02-04 15:52:27,40.7669,29.9169,43.27,51,85,3.94
229,Bilma,NE,2022-02-04 15:52:28,18.6853,12.9164,72.05,12,4,4.72
230,Cabra,ES,2022-02-04 15:53:28,37.4725,-4.4421,61.18,47,100,3.44
231,Kavieng,PG,2022-02-04 15:53:28,-2.5744,150.7967,82.45,70,100,10.11
232,Orlik,RU,2022-02-04 15:53:29,52.5178,99.825,-17.19,96,45,3.02
233,Barranca,PE,2022-02-04 15:53:29,-10.75,-77.7667,74.48,71,42,10.47
234,Itaituba,BR,2022-02-04 15:53:29,-4.2761,-55.9836,80.76,89,75,0.0
235,Guerrero Negro,MX,2022-02-04 15:50:37,27.9769,-114.0611,54.1,35,0,0.72
236,Saskylakh,RU,2022-02-04 15:53:30,71.9167,114.0833,-8.19,99,100,4.21
237,San Quintin,MX,2022-02-04 15:51:51,30.4833,-115.95,55.63,25,4,3.33
238,Katangli,RU,2022-02-04 15:53:30,51.7102,143.2326,4.64,93,100,17.58
239,Kodiak,US,2022-02-04 15:53:30,57.79,-152.4072,29.71,93,0,6.91
240,Alofi,NU,2022-02-04 15:53:31,-19.0595,-169.9187,76.89,78,100,9.22
241,Conceicao Do Araguaia,BR,2022-02-04 15:53:31,-8.2578,-49.2647,91.02,55,73,1.14
242,Hami,CN,2022-02-04 15:53:32,42.8,93.45,24.51,35,82,2.57
243,Ribeira Grande,PT,2022-02-04 15:53:32,38.5167,-28.7,63.0,72,40,16.11
244,Broome,US,2022-02-04 15:53:32,42.2506,-75.833,23.16,77,100,3.0
245,San Carlos De Bariloche,AR,2022-02-04 15:53:32,-41.1456,-71.3082,64.15,42,40,4.61
246,Vicuna,CL,2022-02-04 15:53:33,-30.0319,-70.7081,87.76,34,0,9.42
247,Zemio,CF,2022-02-04 15:53:33,5.0314,25.1361,89.83,19,95,1.79
248,Sola,VU,2022-02-04 15:53:33,-13.8833,167.55,80.94,82,100,27.45
249,Da Nang,VN,2022-02-04 15:49:54,16.0678,108.2208,67.98,88,75,4.61
250,Fenyi,CN,2022-02-04 15:53:34,27.8112,114.6681,42.89,76,100,2.51
251,Karaton,ID,2022-02-04 15:53:34,-6.3424,106.1045,75.36,95,100,0.36
252,Salalah,OM,2022-02-04 15:53:34,17.0151,54.0924,73.09,64,0,2.51
253,Te Anau,NZ,2022-02-04 15:53:35,-45.4167,167.7167,44.26,95,96,3.71
254,Cartagena,CO,2022-02-04 15:52:31,10.3997,-75.5144,83.82,74,20,4.61
255,Portland,US,2022-02-04 15:51:04,45.5234,-122.6762,39.63,95,40,1.01
256,Eldersburg,US,2022-02-04 15:53:35,39.4037,-76.9503,46.36,90,100,3.0
257,Bandarbeyla,SO,2022-02-04 15:53:36,9.4942,50.8122,76.15,61,2,11.61
258,Lobito,AO,2022-02-04 15:53:36,-12.3481,13.5456,78.26,67,92,8.43
259,Magdagachi,RU,2022-02-04 15:53:37,53.45,125.8,-0.36,79,99,5.91
260,Bambous Virieux,MU,2022-02-04 15:53:37,-20.3428,57.7575,80.22,94,75,17.27
261,Sembe,CG,2022-02-04 15:51:09,1.6481,14.5806,92.64,28,94,3.09
262,Gat,IL,2022-02-04 15:53:37,31.61,34.7642,54.28,100,72,7.05
263,The Valley,AI,2022-02-04 15:49:01,18.217,-63.0578,82.26,73,40,13.8
264,Lenger,KZ,2022-02-04 15:53:38,42.183,69.8839,35.04,35,0,7.52
265,Kirakira,SB,2022-02-04 15:53:38,-10.4544,161.9205,79.47,83,100,6.85
266,Namibe,AO,2022-02-04 15:53:39,-15.1961,12.1522,76.55,63,86,12.84
267,Edd,ER,2022-02-04 15:53:39,13.9297,41.6925,83.26,51,1,14.0
268,Shiyan,CN,2022-02-04 15:53:39,32.6475,110.7781,40.41,66,8,4.52
269,Ilo,PE,2022-02-04 15:53:40,-17.6394,-71.3375,70.66,68,0,10.36
270,Yuancheng,CN,2022-02-04 15:53:40,36.652,107.7896,20.93,33,37,4.88
271,Nelson Bay,AU,2022-02-04 15:53:40,-32.7167,152.15,70.0,63,76,4.0
272,San Patricio,US,2022-02-04 15:53:41,28.017,-97.5169,31.87,49,33,20.36
273,Pangoa,PE,2022-02-04 15:53:41,-12.1167,-73.0,82.22,62,100,2.1
274,Zhoucheng,CN,2022-02-04 15:53:41,35.9122,116.3117,27.68,31,28,3.94
275,Port Lincoln,AU,2022-02-04 15:53:41,-34.7333,135.8667,63.32,80,52,16.35
276,Suruc,TR,2022-02-04 15:53:42,36.9761,38.425,43.0,78,99,5.23
277,Mahibadhoo,MV,2022-02-04 15:54:42,3.7833,72.9667,81.88,74,45,9.84
278,Sao Filipe,CV,2022-02-04 15:54:42,14.8961,-24.4956,74.98,67,0,9.01
279,Tiksi,RU,2022-02-04 15:54:43,71.6872,128.8694,-19.68,99,98,6.67
280,Hambantota,LK,2022-02-04 15:54:43,6.1241,81.1185,79.14,94,20,1.14
281,Caravelas,BR,2022-02-04 15:54:43,-17.7125,-39.2481,81.19,71,100,3.31
282,Ushibuka,JP,2022-02-04 15:54:44,32.1906,130.0228,44.91,70,100,24.25
283,Chililabombwe,ZM,2022-02-04 15:54:44,-12.3648,27.8229,65.48,90,99,5.82
284,Sao Joao Da Barra,BR,2022-02-04 15:54:44,-21.6403,-41.0511,86.09,82,100,10.58
285,Nishihara,JP,2022-02-04 15:54:45,26.1842,127.7558,60.08,67,75,16.11
286,Marzuq,YE,2022-02-04 15:54:45,14.4,46.4667,68.7,38,22,7.4
287,Burriana,ES,2022-02-04 15:54:45,39.889,-0.085,66.51,60,100,5.37
288,Kapit,MY,2022-02-04 15:54:46,2.0167,112.9333,73.98,99,100,0.56
289,Shingu,JP,2022-02-04 15:54:46,33.7333,135.9833,41.92,59,2,12.77
290,Pathein,MM,2022-02-04 15:54:46,16.7833,94.7333,69.98,66,36,4.99
291,Harlingen,US,2022-02-04 15:51:03,26.1906,-97.6961,37.33,63,100,26.46
292,Saldanha,ZA,2022-02-04 15:54:47,-33.0117,17.9442,77.05,65,0,25.03
293,Faanui,PF,2022-02-04 15:54:47,-16.4833,-151.75,81.12,70,21,14.0
294,Tongren,CN,2022-02-04 15:54:47,27.7172,109.1853,41.41,75,41,3.74
295,Kingman,US,2022-02-04 15:51:38,35.1894,-114.053,39.11,28,0,14.0
296,Kamenka,RU,2022-02-04 15:54:48,51.3223,42.7678,22.75,92,100,8.77
297,Road Town,VG,2022-02-04 15:50:39,18.4167,-64.6167,75.99,83,75,16.11
298,Volovo,UA,2022-02-04 15:54:48,48.5246,23.5056,23.63,98,95,3.36
299,Rio Grande,BR,2022-02-04 15:54:48,-32.035,-52.0986,78.91,90,99,2.01
300,Asilah,MA,2022-02-04 15:54:49,35.465,-6.0348,67.86,63,100,9.28
301,Yumen,CN,2022-02-04 15:54:49,40.2833,97.2,17.35,41,100,14.76
302,Christchurch,NZ,2022-02-04 15:54:49,-43.5333,172.6333,56.03,91,75,1.99
303,Benito Juarez,MX,2022-02-04 15:54:50,19.385,-99.165,63.84,43,0,1.99
304,Bam,IR,2022-02-04 15:54:50,29.106,58.357,60.66,19,0,3.47
305,Alim,PH,2022-02-04 15:54:50,9.5649,122.4876,77.25,83,100,15.52
306,Hannan,JP,2022-02-04 15:54:51,34.3217,135.2325,38.28,60,40,19.57
307,Tartagal,AR,2022-02-04 15:54:51,-22.5164,-63.8013,82.54,44,66,6.31
308,Kavaratti,IN,2022-02-04 15:51:59,10.5669,72.642,79.16,63,56,10.69
309,Kangaatsiaq,GL,2022-02-04 15:54:52,68.3065,-53.4641,9.88,93,100,17.34
310,Mehamn,NO,2022-02-04 15:53:09,71.0357,27.8492,13.91,79,100,26.66
311,Sayyan,YE,2022-02-04 15:54:52,15.1718,44.3244,60.73,44,1,2.77
312,Severnyy,RU,2022-02-04 15:54:52,50.677,36.5532,26.64,86,75,11.18
313,Rincon,US,2022-02-04 15:54:53,32.296,-81.2354,75.16,79,75,3.0
314,Pingliang,CN,2022-02-04 15:54:53,35.5392,106.6861,11.7,80,19,5.21
315,Bayan,CN,2022-02-04 15:54:53,46.0833,127.4,-15.48,100,27,4.47
316,Ilhabela,BR,2022-02-04 15:54:54,-23.7781,-45.3581,80.29,86,95,4.97
317,Bryan,US,2022-02-04 15:52:03,30.6744,-96.37,26.98,75,100,17.27
318,Korla,CN,2022-02-04 15:51:59,41.7597,86.1469,27.32,47,100,4.72
319,Husavik,IS,2022-02-04 15:54:54,66.0449,-17.3389,28.31,94,100,20.07
320,Kawhia,NZ,2022-02-04 15:54:55,-38.0651,174.8183,69.15,91,51,7.09
321,Namanga,KE,2022-02-04 15:54:55,-2.5433,36.7905,78.15,39,100,11.32
322,Yantzaza,EC,2022-02-04 15:55:56,-3.8278,-78.7594,75.72,77,100,1.45
323,Bonthe,SL,2022-02-04 15:55:56,7.5264,-12.505,86.14,54,15,13.62
324,Walvis Bay,NA,2022-02-04 15:55:56,-22.9575,14.5053,69.1,69,23,14.0
325,Ixtapa,MX,2022-02-04 15:55:57,20.7,-105.2,75.79,43,18,2.73
326,Faya,SA,2022-02-04 15:53:26,18.3851,42.4509,64.51,78,25,7.81
327,Araouane,ML,2022-02-04 15:55:57,18.9048,-3.5265,82.06,7,0,9.22
328,Najran,SA,2022-02-04 15:55:57,17.4924,44.1277,81.25,34,48,4.05
329,Rockhampton,AU,2022-02-04 15:54:52,-23.3833,150.5,75.09,64,100,11.5
330,Narsaq,GL,2022-02-04 15:55:58,60.9167,-46.05,4.64,66,97,24.43
331,Talnakh,RU,2022-02-04 15:55:58,69.4865,88.3972,-3.8,96,99,7.94
332,Nioro,GM,2022-02-04 15:55:58,13.35,-15.75,99.73,5,0,7.54
333,Norman Wells,CA,2022-02-04 15:55:59,65.282,-126.8329,-32.76,68,20,9.22
334,Savannah Bight,HN,2022-02-04 15:55:59,16.45,-85.85,82.0,76,7,16.67
335,Chumikan,RU,2022-02-04 15:55:59,54.7183,135.315,-4.04,78,97,11.61
336,Aykhal,RU,2022-02-04 15:52:13,66.0,111.5,-24.93,100,79,3.58
337,Palaikastron,GR,2022-02-04 15:56:00,35.2,26.25,51.75,59,11,34.65
338,Santa Rosa,PH,2022-02-04 15:52:20,14.3122,121.1114,80.11,73,87,13.29
339,Eyl,SO,2022-02-04 15:56:00,7.9803,49.8164,75.36,57,12,15.77
340,Yichang,CN,2022-02-04 15:56:01,30.7144,111.2847,42.8,63,6,2.59
341,Gamba,GA,2022-02-04 15:56:01,-2.65,10.0,81.07,73,46,8.88
342,Aksu,CN,2022-02-04 15:56:01,41.1231,80.2644,28.33,54,48,3.47
343,Honiara,SB,2022-02-04 15:52:04,-9.4333,159.95,77.85,87,100,2.53
344,Banda Aceh,ID,2022-02-04 15:55:02,5.5577,95.3222,79.34,80,58,6.38
345,Salina,US,2022-02-04 15:56:02,38.8403,-97.6114,20.01,64,0,4.0
346,Vila Velha,BR,2022-02-04 15:55:05,-20.3297,-40.2925,78.75,83,75,20.71
347,Ayagoz,KZ,2022-02-04 15:56:02,47.9714,80.4392,-10.82,93,4,5.86
348,Kautokeino,NO,2022-02-04 15:56:03,69.0125,23.0412,10.49,94,100,23.35
349,Sorong,ID,2022-02-04 15:56:03,-0.8833,131.25,81.18,81,90,10.22
350,Aksarka,RU,2022-02-04 15:55:41,66.5606,67.7975,6.15,97,100,2.71
351,Dharchula,IN,2022-02-04 15:56:04,29.85,80.5333,36.39,85,97,7.05
352,Constitucion,CL,2022-02-04 15:56:04,-35.3333,-72.4167,68.67,69,11,9.13
353,Namatanai,PG,2022-02-04 15:56:04,-3.6667,152.4333,79.77,80,100,7.14
354,Dimona,IL,2022-02-04 15:56:05,31.0667,35.0333,45.84,72,74,7.02
355,Port-Gentil,GA,2022-02-04 15:56:05,-0.7193,8.7815,80.49,75,66,9.78
356,Whitehorse,CA,2022-02-04 15:51:34,60.7161,-135.0538,-4.7,73,100,5.99
357,Kuusamo,FI,2022-02-04 15:56:06,65.9667,29.1833,3.24,85,100,12.66
358,Naron,ES,2022-02-04 15:56:06,43.5167,-8.1528,58.68,71,100,6.53
359,Kargasok,RU,2022-02-04 15:56:06,59.0556,80.8572,23.23,93,100,12.62
360,Baruun-Urt,MN,2022-02-04 15:56:07,46.6806,113.2792,-5.21,91,11,7.56
361,Komsomolskiy,UZ,2022-02-04 15:56:07,40.4272,71.7189,40.42,60,0,6.91
362,Impfondo,CG,2022-02-04 15:56:07,1.6381,18.0667,93.36,18,99,2.51
363,Iisalmi,FI,2022-02-04 15:56:08,63.5592,27.1907,17.62,89,100,14.36
364,Nchelenge,ZM,2022-02-04 15:56:08,-9.3451,28.734,66.47,89,100,3.89
365,Kovylkino,RU,2022-02-04 15:57:09,54.0388,43.9139,22.01,95,100,12.71
366,Namwala,ZM,2022-02-04 15:54:28,-15.7504,26.4384,71.29,90,99,1.81
367,Hirado,JP,2022-02-04 15:57:09,33.3597,129.5531,41.36,63,96,29.1
368,Coihaique,CL,2022-02-04 15:57:09,-45.5752,-72.0662,63.21,55,20,6.91
369,Ekuvukeni,ZA,2022-02-04 15:57:10,-28.4675,30.1551,66.09,91,100,6.38
370,Preeceville,CA,2022-02-04 15:57:10,51.95,-102.6677,-21.37,97,52,3.53
371,Olafsvik,IS,2022-02-04 15:57:10,64.8945,-23.7142,28.85,70,69,11.61
372,Luderitz,NA,2022-02-04 15:57:11,-26.6481,15.1594,76.26,59,3,15.64
373,Svetlogorsk,BY,2022-02-04 15:57:11,52.6333,29.7333,8.04,98,17,2.35
374,Khani,GE,2022-02-04 15:57:11,41.9563,42.9566,33.37,99,100,5.14
375,Sambava,MG,2022-02-04 15:57:12,-14.2667,50.1667,81.86,76,100,3.11
376,Richards Bay,ZA,2022-02-04 15:57:12,-28.783,32.0377,73.38,94,100,15.73
377,Shush,IR,2022-02-04 15:57:12,32.1942,48.2436,62.35,60,0,15.14
378,Culaman,PH,2022-02-04 15:57:13,5.9603,125.6586,77.36,76,100,11.92
379,Sorland,NO,2022-02-04 15:57:13,67.667,12.6934,31.86,92,100,23.4
380,Barcelos,PT,2022-02-04 15:57:13,41.5388,-8.6151,56.88,65,98,7.81
381,Bongandanga,CD,2022-02-04 15:57:14,1.5,21.05,92.59,24,73,0.92
382,Sobolevo,RU,2022-02-04 15:57:14,54.4299,31.8996,5.2,100,71,3.27
383,La Ronge,CA,2022-02-04 15:55:39,55.1001,-105.2842,-34.35,67,40,3.44
384,Palana,RU,2022-02-04 15:57:14,59.1167,159.9667,9.91,83,100,11.54
385,Chenzhou,CN,2022-02-04 15:57:15,25.8,113.0333,41.58,91,99,1.99
386,Deputatskiy,RU,2022-02-04 15:57:15,69.3,139.9,-28.26,100,88,2.8
387,Polunochnoye,RU,2022-02-04 15:57:15,60.8697,60.4153,4.35,97,100,2.39
388,Nashville,US,2022-02-04 15:54:06,36.1659,-86.7844,29.32,83,100,5.99
389,Moree,AU,2022-02-04 15:57:16,-29.4667,149.85,64.42,55,0,8.05
390,Ilulissat,GL,2022-02-04 15:57:17,69.2167,-51.1,7.68,74,100,8.28
391,Lodingen,NO,2022-02-04 15:57:17,68.414,15.9951,24.75,75,100,9.08
392,Senanga,ZM,2022-02-04 15:57:17,-16.1167,23.2667,75.18,72,89,3.98
393,Sao Gabriel Da Cachoeira,BR,2022-02-04 15:57:18,-0.1303,-67.0892,78.6,89,75,2.3
394,Norrtalje,SE,2022-02-04 15:56:53,59.758,18.705,38.28,97,100,13.18
395,Snyder,US,2022-02-04 15:57:18,32.7179,-100.9176,21.34,67,0,8.05
396,Marathon,US,2022-02-04 15:57:18,44.9,-89.7668,7.14,78,100,0.0
397,Mount Gambier,AU,2022-02-04 15:57:19,-37.8333,140.7667,55.31,94,9,9.22
398,Kayerkan,RU,2022-02-04 15:57:19,69.3497,87.7602,-4.49,83,100,6.02
399,Kununurra,AU,2022-02-04 15:56:09,-15.7667,128.7333,78.78,94,40,1.14
400,Vinh,VN,2022-02-04 15:57:19,18.6667,105.6667,59.68,80,100,5.39
401,Shahi,IN,2022-02-04 15:57:20,28.55,79.3167,51.62,88,30,0.72
402,Beringovskiy,RU,2022-02-04 15:57:20,63.05,179.3167,-8.55,88,100,16.58
403,Chapais,CA,2022-02-04 15:57:20,49.7834,-74.8492,-16.82,84,57,4.72
404,Nemuro,JP,2022-02-04 15:57:21,43.3236,145.575,21.34,81,74,8.99
405,Teruel,ES,2022-02-04 15:57:21,40.6667,-0.6667,53.56,40,89,10.4
406,Shieli,KZ,2022-02-04 15:57:21,44.1667,66.75,32.67,72,76,12.71
407,Saint-Pierre,RE,2022-02-04 15:57:22,-21.3393,55.4781,82.04,83,75,4.61
408,Staraya Stanitsa,RU,2022-02-04 15:57:22,48.35,40.2833,29.77,94,100,6.96
409,Los Llanos De Aridane,ES,2022-02-04 15:57:22,28.6585,-17.9182,68.13,65,20,8.99
410,Mama,RU,2022-02-04 15:57:23,58.3106,112.8986,7.47,98,100,4.29
411,Kodinsk,RU,2022-02-04 15:58:23,58.6881,99.1844,-1.77,100,97,3.36
412,Krasnyy Chikoy,RU,2022-02-04 15:58:24,50.3643,108.7512,-8.79,100,91,3.31
413,Saint-Georges,GD,2022-02-04 15:56:41,12.0564,-61.7485,83.88,65,20,23.02
414,Fairbanks,US,2022-02-04 15:58:24,64.8378,-147.7164,1.24,68,100,3.44
415,Umri,IN,2022-02-04 15:58:24,26.5106,78.9367,55.2,62,3,8.08
416,Beloha,MG,2022-02-04 15:58:25,-25.1667,45.05,74.8,80,1,19.8
417,Minot,US,2022-02-04 15:58:25,48.2325,-101.2963,-14.58,64,20,9.22
418,Waingapu,ID,2022-02-04 15:58:25,-9.6567,120.2641,79.0,82,100,8.08
419,Lincoln,US,2022-02-04 15:58:15,40.8,-96.667,23.38,55,12,1.01
420,Tessalit,ML,2022-02-04 15:58:26,20.1986,1.0114,78.3,7,0,15.61
421,Pangnirtung,CA,2022-02-04 15:58:26,66.1451,-65.7125,-14.8,70,75,13.8
422,Casablanca,MA,2022-02-04 15:58:27,33.5928,-7.6192,71.82,59,0,11.01
423,Pallasovka,RU,2022-02-04 15:58:27,50.05,46.8833,32.94,100,100,6.08
424,Zvishavane,ZW,2022-02-04 15:58:27,-20.3267,30.0665,80.15,54,19,7.2
425,Bonavista,CA,2022-02-04 15:58:28,48.6499,-53.1147,32.11,95,100,19.53
426,Le Mars,US,2022-02-04 15:58:28,42.7942,-96.1656,17.58,48,0,20.71
427,Ribeira Brava,PT,2022-02-04 15:58:28,32.65,-17.0667,70.72,79,88,2.01
428,Palestine,PS,2022-02-04 15:58:29,31.9216,35.2033,45.82,87,46,17.31
429,Melfi,IT,2022-02-04 15:58:29,40.9965,15.6514,47.1,70,63,4.94
430,Zheleznodorozhnyy,RU,2022-02-04 15:58:02,55.7503,38.0042,25.02,97,81,4.56
431,Lagdo,CM,2022-02-04 15:58:30,9.05,13.7333,88.92,9,7,8.88
432,Barra Do Garcas,BR,2022-02-04 15:58:30,-15.89,-52.2567,88.38,70,40,3.38
433,Taltal,CL,2022-02-04 15:58:30,-25.4,-70.4833,70.0,67,3,7.16
434,Abu Dhabi,AE,2022-02-04 15:54:05,24.4667,54.3667,71.71,71,0,9.22
435,Jurbarkas,LT,2022-02-04 15:58:31,55.0778,22.7664,33.55,98,100,10.63
436,Havre-Saint-Pierre,CA,2022-02-04 15:58:31,50.2334,-63.5986,3.79,59,75,18.41
437,Nizhniy Kuranakh,RU,2022-02-04 15:58:31,58.8353,125.4869,-5.3,99,100,3.18
438,San Jeronimo,PE,2022-02-04 15:58:32,-11.9472,-75.2829,59.38,55,100,2.26
439,Hualmay,PE,2022-02-04 15:58:32,-11.0964,-77.6139,74.97,73,37,9.95
440,Waddan,LY,2022-02-04 15:58:32,29.1614,16.139,59.88,33,0,3.22
441,Urumqi,CN,2022-02-04 15:58:33,43.801,87.6005,-1.25,85,75,0.0
442,Canto Do Buriti,BR,2022-02-04 15:58:33,-8.11,-42.9444,94.44,36,100,4.85
443,George,ZA,2022-02-04 15:54:48,-33.963,22.4617,65.75,63,100,9.22
444,Vestmanna,FO,2022-02-04 15:58:34,62.1564,-7.1664,34.72,60,75,35.68
445,Obuasi,GH,2022-02-04 15:58:34,6.206,-1.6619,92.03,33,79,3.02
446,Hofn,IS,2022-02-04 15:58:34,64.2539,-15.2082,32.02,55,20,23.02
447,Presidencia Roque Saenz Pena,AR,2022-02-04 15:58:35,-26.7852,-60.4388,103.48,30,48,1.16
448,Marfino,RU,2022-02-04 15:58:35,55.7028,37.3822,24.75,86,68,6.71
449,Kapoeta,SS,2022-02-04 15:58:35,4.7717,33.5903,89.74,27,100,6.31
450,Baykit,RU,2022-02-04 15:58:36,61.67,96.37,3.09,100,100,2.46
451,Flinders,AU,2022-02-04 15:58:36,-34.5833,150.8552,66.2,81,66,8.99
452,Poltavka,RU,2022-02-04 15:58:36,54.3663,71.7632,14.97,81,100,8.23
453,Fengkou,CN,2022-02-04 15:58:37,30.0833,113.2667,42.3,55,0,4.56
454,Lasa,IT,2022-02-04 15:59:37,46.6166,10.7002,47.14,83,4,1.72
455,Beboto,TD,2022-02-04 15:59:37,8.2668,16.939,92.88,9,20,7.61
456,Prachuap Khiri Khan,TH,2022-02-04 15:59:38,12.2167,99.75,77.68,91,5,2.73
457,Manali,IN,2022-02-04 15:58:14,13.1667,80.2667,81.07,80,97,12.1
458,Hamilton,US,2022-02-04 15:59:38,39.1834,-84.5333,23.41,88,100,4.0
459,Blantyre,MW,2022-02-04 15:59:38,-15.785,35.0085,72.7,74,97,1.92
460,Rindal,NO,2022-02-04 15:59:39,63.0565,9.2124,22.64,73,55,9.73
461,Margate,GB,2022-02-04 15:59:39,51.3813,1.3862,45.91,75,46,20.94
462,Chakia,IN,2022-02-04 15:59:39,26.4167,85.05,56.7,90,99,10.6
463,Deming,US,2022-02-04 15:59:40,32.2687,-107.7586,26.24,52,0,7.81
464,Prince Rupert,CA,2022-02-04 15:59:40,54.3161,-130.3201,46.09,93,100,13.8
465,Mumford,GH,2022-02-04 15:59:40,5.2618,-0.759,83.62,67,4,14.32
466,Kabanjahe,ID,2022-02-04 15:59:41,3.1001,98.4908,63.36,95,84,1.39
467,Banyumas,ID,2022-02-04 15:59:41,-7.5142,109.2942,77.11,91,100,1.45
468,Cabedelo,BR,2022-02-04 15:59:41,-6.9811,-34.8339,88.47,60,72,13.2
469,Tigil,RU,2022-02-04 15:59:42,57.8,158.6667,0.37,93,71,3.53
470,Georgetown,MY,2022-02-04 15:57:15,5.4112,100.3354,78.89,93,40,1.99
471,Adre,TD,2022-02-04 15:59:42,13.4667,22.2,76.32,14,0,14.56
472,Chipinge,ZW,2022-02-04 15:59:43,-20.1883,32.6236,71.96,79,21,5.68
473,Pakokku,MM,2022-02-04 15:59:43,21.3333,95.1,69.31,42,0,1.07
474,Umm Kaddadah,SD,2022-02-04 15:59:43,13.6017,26.6876,73.76,13,8,18.57
475,Stolin,BY,2022-02-04 15:59:44,51.8912,26.846,25.99,96,93,6.44
476,Pisco,PE,2022-02-04 15:59:44,-13.7,-76.2167,75.02,64,0,6.91
477,Skibbereen,IE,2022-02-04 15:59:44,51.55,-9.2667,46.11,67,78,18.19
478,Luganville,VU,2022-02-04 15:59:45,-15.5333,167.1667,75.67,93,100,9.64
479,Ancud,CL,2022-02-04 15:59:45,-41.8697,-73.8203,65.23,74,86,5.41
480,Ilave,PE,2022-02-04 15:59:45,-16.0833,-69.6667,52.72,60,100,3.51
481,Lhokseumawe,ID,2022-02-04 15:59:46,5.1801,97.1507,77.49,86,84,4.0
482,Nandurbar,IN,2022-02-04 15:59:46,21.3667,74.25,70.47,22,0,5.95
483,Olinda,BR,2022-02-04 15:59:46,-8.0089,-34.8553,87.53,58,40,9.22
484,Lagos,NG,2022-02-04 15:59:47,6.5833,3.75,93.52,46,11,10.27
485,Svirstroy,RU,2022-02-04 15:59:47,60.7999,33.7248,-0.22,100,93,4.16
486,Palmer,US,2022-02-04 15:59:47,42.1584,-72.3287,35.44,100,100,10.36
487,Kropotkin,RU,2022-02-04 15:59:48,45.4375,40.5756,32.68,99,100,8.66
488,Bubaque,GW,2022-02-04 15:59:48,11.2833,-15.8333,79.43,56,0,10.13
489,Quatre Cocos,MU,2022-02-04 15:59:48,-20.2078,57.7625,80.1,86,100,16.26
490,Wagar,SD,2022-02-04 15:59:49,16.1525,36.2032,84.16,12,1,22.26
491,Susuman,RU,2022-02-04 15:59:49,62.7833,148.1667,-19.77,84,100,2.62
492,Mecca,SA,2022-02-04 15:58:31,21.4267,39.8261,67.42,51,97,13.96
493,Manyana,BW,2022-02-04 15:59:50,-23.4,21.7167,83.59,41,69,8.57
494,Valentin Gomez Farias,MX,2022-02-04 15:59:50,28.2167,-106.5833,30.52,66,94,3.44
495,Mercedes,AR,2022-02-04 15:59:50,-34.6515,-59.4307,85.86,59,91,5.06
496,Aleksandrovskiy Zavod,RU,2022-02-04 15:59:51,50.9237,117.9374,-20.38,98,42,4.0
497,Saint Anthony,US,2022-02-04 15:59:51,45.0205,-93.218,5.79,75,100,3.0
498,Geraldton,AU,2022-02-04 15:58:02,-28.7667,114.6,72.01,49,0,2.3
499,Floro,NO,2022-02-04 15:59:51,61.5996,5.0328,38.1,93,75,29.93
500,Port Hawkesbury,CA,2022-02-04 15:59:52,45.6169,-61.3485,33.19,96,100,6.91
501,Bada,RU,2022-02-04 15:59:52,51.392,109.8717,-1.66,99,99,4.5
502,Linhares,BR,2022-02-04 16:00:52,-19.3911,-40.0722,83.71,65,100,6.82
503,Klaksvik,FO,2022-02-04 16:00:53,62.2266,-6.589,36.52,68,96,46.64
504,Hastings,GB,2022-02-04 15:57:30,50.8552,0.5729,47.53,67,36,19.82
505,Zyryanka,RU,2022-02-04 16:00:53,65.75,150.85,-40.85,100,100,1.63
506,Marsa Matruh,EG,2022-02-04 16:00:53,31.3525,27.2453,56.39,54,58,23.44
507,Hobbs,US,2022-02-04 16:00:54,32.7026,-103.136,21.2,68,0,1.99
508,Oranjemund,NA,2022-02-04 16:00:54,-28.55,16.4333,68.09,69,10,23.71
509,Qaqortoq,GL,2022-02-04 16:00:54,60.7167,-46.0333,10.9,78,100,29.66
510,Kutum,SD,2022-02-04 16:00:55,14.2,24.6667,68.16,14,9,15.48
511,Wajir,KE,2022-02-04 16:00:55,1.7471,40.0573,94.5,20,41,6.31
512,Shimoda,JP,2022-02-04 16:00:55,34.6667,138.95,41.11,56,0,28.45
513,Boende,CD,2022-02-04 16:00:56,-0.2167,20.8667,92.28,30,87,2.08
514,Yangambi,CD,2022-02-04 16:00:56,0.8102,24.4336,83.1,48,100,1.86
515,Rauma,FI,2022-02-04 16:00:56,61.1272,21.5113,30.24,97,100,23.4
516,Hue,VN,2022-02-04 16:00:57,16.4667,107.6,64.51,94,75,6.91
517,West Wendover,US,2022-02-04 16:00:57,40.7391,-114.0733,25.21,62,0,1.68
518,Russell,US,2022-02-04 16:00:57,32.3502,-85.1999,51.51,93,100,4.61
519,Qiqihar,CN,2022-02-04 16:00:20,47.3408,123.9672,-3.5,85,74,7.85
520,Dandong,CN,2022-02-04 16:00:58,40.1292,124.3947,9.18,73,0,3.02
521,Nara,JP,2022-02-04 15:57:39,34.6851,135.8049,40.28,62,21,11.68
522,Vydrino,RU,2022-02-04 16:00:58,51.485,104.8461,7.61,85,62,4.94
523,Morristown,US,2022-02-04 15:57:11,36.214,-83.2949,40.62,79,100,8.05
524,Puerto Escondido,MX,2022-02-04 16:00:59,15.85,-97.0667,81.37,56,0,4.88
525,Wanxian,CN,2022-02-04 16:00:59,30.8039,108.3897,47.43,71,35,2.3
526,Aklavik,CA,2022-02-04 16:01:00,68.2191,-135.0107,-28.21,98,69,15.77
527,Ketchikan,US,2022-02-04 16:01:00,55.3422,-131.6461,45.07,93,75,16.11
528,Sunrise Manor,US,2022-02-04 15:59:55,36.2111,-115.0731,43.83,38,2,5.01
529,Kysyl-Syr,RU,2022-02-04 16:01:00,63.8986,122.7617,-31.27,100,89,3.09
530,Pyaozerskiy,RU,2022-02-04 16:01:01,65.8333,31.1667,9.18,93,100,9.26
531,Darovskoy,RU,2022-02-04 16:01:01,58.77,47.9564,14.83,95,100,7.14
532,Birobidzhan,RU,2022-02-04 16:01:02,48.8,132.95,-17.21,98,72,3.13
533,Sarangani,PH,2022-02-04 16:01:02,5.4033,125.4636,80.64,71,100,20.33
534,Urengoy,RU,2022-02-04 16:01:02,65.9667,78.3667,12.9,96,100,5.53
535,Riberalta,BO,2022-02-04 16:01:03,-10.9833,-66.1,82.38,80,85,5.06
536,Briancon,FR,2022-02-04 15:59:10,44.9,6.65,44.49,77,8,4.16
537,Indramayu,ID,2022-02-04 16:01:03,-6.3264,108.32,78.21,88,100,12.88
538,Labrea,BR,2022-02-04 16:01:04,-7.2586,-64.7981,77.9,85,100,3.98
539,Tautira,PF,2022-02-04 15:58:01,-17.7333,-149.15,77.02,77,58,15.57
540,Moldava Nad Bodvou,SK,2022-02-04 16:01:04,48.6143,20.9996,42.48,71,75,5.75
541,Lagoa,PT,2022-02-04 15:57:23,39.05,-27.9833,58.01,80,89,20.22
542,Key West,US,2022-02-04 16:01:05,24.5557,-81.7826,78.01,85,0,11.63
543,Kaeo,NZ,2022-02-04 16:01:05,-35.1,173.7833,71.33,96,88,10.25
544,Byron Bay,AU,2022-02-04 15:57:45,-28.65,153.6167,71.49,60,100,20.85
545,Pinawa,CA,2022-02-04 16:01:06,50.1489,-95.8811,-9.42,97,98,5.35
546,Naze,JP,2022-02-04 15:58:03,28.3667,129.4833,52.56,58,97,16.69
547,Valdez,EC,2022-02-04 16:01:06,1.2492,-78.9831,75.04,91,100,3.36
548,Macusani,PE,2022-02-04 16:02:06,-14.0833,-70.4333,47.08,69,100,1.99
549,Saravan,AM,2022-02-04 16:02:07,39.7196,45.6483,29.05,95,100,1.12
550,Horta,PT,2022-02-04 16:02:07,38.5333,-28.6333,62.24,72,40,16.11
551,Kalmunai,LK,2022-02-04 16:02:08,7.4167,81.8167,76.64,72,7,5.48
552,Kasongo-Lunda,CD,2022-02-04 16:02:08,-6.4667,16.8167,75.58,82,99,0.85
553,Moose Factory,CA,2022-02-04 16:00:44,51.2585,-80.6094,-3.86,86,100,6.24
554,Akdepe,TM,2022-02-04 16:02:08,42.0551,59.3788,37.4,53,95,15.14
555,Shahrud,IR,2022-02-04 16:02:09,36.4182,54.9763,45.01,51,5,4.92
556,Bambanglipuro,ID,2022-02-04 16:02:09,-7.95,110.2833,77.36,88,90,4.83
557,Farap,TM,2022-02-04 16:02:09,39.1704,63.6116,51.04,28,0,10.22
558,Vendychany,UA,2022-02-04 16:02:10,48.6118,27.7932,31.68,85,88,3.04
559,Gorontalo,ID,2022-02-04 16:02:10,0.5412,123.0595,74.64,92,100,3.36
560,Solnechnyy,RU,2022-02-04 16:02:10,50.7214,136.6319,0.34,98,100,0.92
561,Viransehir,TR,2022-02-04 16:02:11,37.2353,39.7631,46.15,73,100,5.26
562,Luwuk,ID,2022-02-04 16:02:11,-0.9516,122.7875,77.0,87,100,3.91
563,Sabha,LY,2022-02-04 16:02:11,27.0377,14.4283,61.0,27,0,4.94
564,Bloomsburg,US,2022-02-04 16:00:52,41.0037,-76.4549,31.87,92,100,5.73
565,Fukue,JP,2022-02-04 16:02:12,32.6881,128.8419,43.65,69,100,27.2
566,Bria,CF,2022-02-04 16:02:12,6.5423,21.9863,94.89,13,93,3.6
567,Metro,ID,2022-02-04 16:02:12,-5.1131,105.3067,76.33,89,100,7.07
568,Batagay-Alyta,RU,2022-02-04 16:02:13,67.8006,130.4114,-27.09,99,11,3.65
569,Bondoukou,CI,2022-02-04 16:02:13,8.0333,-2.8,94.71,8,3,5.26
570,Aswan,EG,2022-02-04 16:02:13,24.0934,32.907,59.05,25,0,12.24
571,Tolmezzo,IT,2022-02-04 16:02:14,46.4075,13.0175,48.78,83,93,1.23
572,Boffa,GN,2022-02-04 16:02:14,10.1667,-14.0333,93.51,41,0,13.38
