City_ID,City,Country,Date,Lat,Lng,Max Temp,Humidity,Cloudiness,Wind Speed,Current Description
0,Lugovoy,KZ,2022-02-10 17:10:27,42.9472,72.7644,25.03,74,96,5.86,overcast clouds
1,Abong Mbang,CM,2022-02-10 17:10:28,3.9833,13.1833,83.57,20,4,1.97,clear sky
2,Kulhudhuffushi,MV,2022-02-10 17:10:28,6.6221,73.07,80.44,77,56,12.39,broken clouds
3,Puerto Ayora,EC,2022-02-10 17:10:15,-0.7393,-90.3518,82.36,84,80,5.01,broken clouds
4,Tuktoyaktuk,CA,2022-02-10 17:10:28,69.4541,-133.0374,-7.42,98,100,4.97,light snow
5,Busselton,AU,2022-02-10 17:10:29,-33.65,115.3333,69.08,73,4,7.58,clear sky
6,Saint George,US,2022-02-10 17:08:44,37.1041,-113.5841,54.43,38,0,4.61,clear sky
7,Tasiilaq,GL,2022-02-10 17:10:29,65.6145,-37.6368,21.36,60,32,7.78,scattered clouds
8,Rikitea,PF,2022-02-10 17:10:30,-23.1203,-134.9692,78.64,74,18,18.01,few clouds
9,Novobirilyussy,RU,2022-02-10 17:10:30,56.9514,90.6661,-17.39,100,32,0.49,scattered clouds
10,Epe,NG,2022-02-10 17:10:30,6.5841,3.9834,85.51,65,5,10.67,clear sky
11,Souillac,MU,2022-02-10 17:10:31,-20.5167,57.5167,79.18,83,75,3.44,light rain
12,Mackay,AU,2022-02-10 17:10:31,-21.15,149.2,73.69,70,30,8.55,scattered clouds
13,Hamilton,US,2022-02-10 17:10:31,39.1834,-84.5333,44.65,63,40,12.66,scattered clouds
14,Mount Isa,AU,2022-02-10 17:10:07,-20.7333,139.5,76.77,65,65,4.61,broken clouds
15,Clermont,FR,2022-02-10 17:10:32,49.5,2.4167,47.05,94,100,11.07,light rain
16,Mbini,GQ,2022-02-10 17:10:32,1.574,9.6134,82.22,74,77,7.18,broken clouds
17,Arraial Do Cabo,BR,2022-02-10 17:10:32,-22.9661,-42.0278,71.46,94,100,3.44,mist
18,Narsaq,GL,2022-02-10 17:07:51,60.9167,-46.05,8.82,66,31,6.38,scattered clouds
19,Mar Del Plata,AR,2022-02-10 17:06:06,-38.0023,-57.5575,82.42,66,0,16.11,clear sky
20,Dharchula,IN,2022-02-10 17:10:33,29.85,80.5333,45.01,61,65,5.61,broken clouds
21,Hermanus,ZA,2022-02-10 17:10:33,-34.4187,19.2345,69.91,71,0,9.95,clear sky
22,Nikolskoye,RU,2022-02-10 17:10:34,59.7035,30.7861,36.72,90,95,10.67,overcast clouds
23,Avera,US,2022-02-10 17:10:34,33.194,-82.5271,66.38,43,3,6.82,clear sky
24,Iisalmi,FI,2022-02-10 17:10:34,63.5592,27.1907,30.22,86,100,9.57,overcast clouds
25,Port Elizabeth,ZA,2022-02-10 17:06:43,-33.918,25.5701,69.17,78,25,13.0,scattered clouds
26,Port Macquarie,AU,2022-02-10 17:10:35,-31.4333,152.9167,63.9,75,25,4.18,scattered clouds
27,Port Alfred,ZA,2022-02-10 17:10:35,-33.5906,26.891,72.27,78,17,12.26,few clouds
28,East London,ZA,2022-02-10 17:10:35,-33.0153,27.9116,73.4,75,3,4.88,clear sky
29,Nagato,JP,2022-02-10 17:10:36,34.3833,131.2,36.19,72,69,13.91,broken clouds
30,Santa Marta,CO,2022-02-10 17:10:36,11.2408,-74.199,93.34,63,34,15.05,scattered clouds
31,Saskylakh,RU,2022-02-10 17:10:36,71.9167,114.0833,4.1,94,100,13.78,light snow
32,Butaritari,KI,2022-02-10 17:10:37,3.0707,172.7902,81.27,79,32,17.25,light rain
33,Chumikan,RU,2022-02-10 17:10:37,54.7183,135.315,9.1,96,100,5.59,light snow
34,Albany,US,2022-02-10 17:09:09,42.6001,-73.9662,45.09,74,95,9.55,overcast clouds
35,Kapaa,US,2022-02-10 17:10:37,22.0752,-159.319,66.18,96,0,9.22,clear sky
36,Tevaitoa,PF,2022-02-10 17:10:38,-16.7833,-151.5,80.71,75,65,11.77,light rain
37,Georgetown,MY,2022-02-10 17:09:04,5.4112,100.3354,80.53,87,20,0.0,light rain
38,Dire,ML,2022-02-10 17:10:38,12.2833,-10.9667,98.62,7,0,8.97,clear sky
39,Avarua,CK,2022-02-10 17:10:36,-21.2078,-159.775,71.65,100,20,2.3,few clouds
40,Chokurdakh,RU,2022-02-10 17:10:39,70.6333,147.9167,-25.31,95,87,9.1,overcast clouds
41,Kalmunai,LK,2022-02-10 17:10:39,7.4167,81.8167,77.81,83,16,3.69,few clouds
42,Lavumisa,SZ,2022-02-10 17:10:39,-27.31,31.892,76.96,74,73,4.76,broken clouds
43,Victoria,HK,2022-02-10 17:09:10,22.2855,114.1577,64.45,87,100,11.99,overcast clouds
44,Pictou,CA,2022-02-10 17:06:46,45.6834,-62.7153,36.59,94,25,6.85,scattered clouds
45,Zhigansk,RU,2022-02-10 17:10:40,66.7697,123.3711,-29.29,97,91,10.63,overcast clouds
46,Thompson,CA,2022-02-10 17:09:28,55.7435,-97.8558,-6.36,97,100,12.35,light snow
47,Saint-Pierre,RE,2022-02-10 17:11:40,-21.3393,55.4781,78.48,78,75,11.5,broken clouds
48,Port Blair,IN,2022-02-10 17:09:01,11.6667,92.75,79.38,73,16,8.68,few clouds
49,Airai,TL,2022-02-10 17:10:44,-8.9266,125.4092,60.87,97,100,0.54,overcast clouds
50,Kloulklubed,PW,2022-02-10 17:11:41,7.0419,134.2556,82.06,77,99,12.68,overcast clouds
51,Roald,NO,2022-02-10 17:11:41,62.5833,6.1333,35.91,75,40,11.5,scattered clouds
52,Ocos,GT,2022-02-10 17:11:41,14.5094,-92.1933,89.78,61,0,7.49,clear sky
53,Kiama,AU,2022-02-10 17:11:42,-34.6833,150.8667,70.38,89,98,1.99,overcast clouds
54,Santa Barbara,US,2022-02-10 17:11:42,34.7333,-120.0343,76.33,17,0,3.67,clear sky
55,Hami,CN,2022-02-10 17:11:42,42.8,93.45,26.83,54,97,4.74,overcast clouds
56,Isangel,VU,2022-02-10 17:11:43,-19.55,169.2667,80.11,91,100,23.0,overcast clouds
57,Abu Samrah,SY,2022-02-10 17:11:43,35.3029,37.1841,45.18,81,100,7.74,overcast clouds
58,Kirishi,RU,2022-02-10 17:11:43,59.4471,32.0205,31.57,95,84,9.78,light snow
59,The Valley,AI,2022-02-10 17:11:44,18.217,-63.0578,84.06,73,20,10.36,few clouds
60,Santa Cruz De La Palma,ES,2022-02-10 17:11:44,28.6835,-17.7642,75.34,50,0,17.27,clear sky
61,Pavino,RU,2022-02-10 17:11:44,59.1139,46.1414,22.42,95,100,7.78,overcast clouds
62,Atuona,PF,2022-02-10 17:11:44,-9.8,-139.0333,78.19,76,19,18.45,light rain
63,Ushuaia,AR,2022-02-10 17:11:45,-54.8,-68.3,47.82,76,75,28.77,broken clouds
64,Lodja,CD,2022-02-10 17:11:45,-3.4833,23.4333,74.95,80,46,2.68,scattered clouds
65,Bluff,NZ,2022-02-10 17:11:45,-46.6,168.3333,58.8,88,89,14.23,overcast clouds
66,San Quintin,MX,2022-02-10 17:11:46,30.4833,-115.95,68.52,27,0,5.08,clear sky
67,Kolondieba,ML,2022-02-10 17:11:46,11.0882,-6.8926,96.78,7,0,9.66,clear sky
68,Maple Creek,CA,2022-02-10 17:11:46,49.9168,-109.4848,46.4,58,100,17.27,overcast clouds
69,Bengkulu,ID,2022-02-10 17:11:47,-3.8004,102.2655,76.6,75,100,4.12,moderate rain
70,Norman Wells,CA,2022-02-10 17:11:47,65.282,-126.8329,-11.16,70,100,13.8,light snow
71,New Norfolk,AU,2022-02-10 17:11:47,-42.7826,147.0587,58.5,55,71,2.53,broken clouds
72,Sitka,US,2022-02-10 17:11:39,57.0531,-135.33,37.29,65,75,16.11,broken clouds
73,Kavaratti,IN,2022-02-10 17:10:04,10.5669,72.642,79.72,72,63,11.9,broken clouds
74,Bredasdorp,ZA,2022-02-10 17:11:48,-34.5322,20.0403,69.28,60,1,13.47,clear sky
75,Vaini,TO,2022-02-10 17:11:45,-21.2,-175.2,80.53,80,77,23.02,light rain
76,Batagay-Alyta,RU,2022-02-10 17:11:48,67.8006,130.4114,-25.69,89,87,4.83,overcast clouds
77,Punta Arenas,CL,2022-02-10 17:11:13,-53.15,-70.9167,55.42,57,40,31.07,scattered clouds
78,Mayo,US,2022-02-10 17:11:49,38.8876,-76.5119,59.34,36,20,12.66,few clouds
79,Magadan,RU,2022-02-10 17:11:49,59.5667,150.8,-6.88,73,95,5.66,overcast clouds
80,Barrow,US,2022-02-10 17:11:49,71.2906,-156.7887,-27.38,68,0,5.75,clear sky
81,Bethel,US,2022-02-10 17:11:50,41.3712,-73.414,51.85,58,0,14.97,clear sky
82,San Nicolas,PH,2022-02-10 17:11:50,18.1725,120.5953,75.15,79,7,7.0,clear sky
83,Calatayud,ES,2022-02-10 17:11:50,41.3535,-1.6432,57.78,45,43,2.39,scattered clouds
84,Along,IN,2022-02-10 17:11:51,28.1667,94.7667,52.95,98,100,1.95,overcast clouds
85,Srandakan,ID,2022-02-10 17:02:12,-7.9386,110.2506,78.55,84,100,4.88,heavy intensity rain
86,Castro,BR,2022-02-10 17:11:51,-24.7911,-50.0119,77.85,51,14,2.55,few clouds
87,Ribeira Grande,PT,2022-02-10 17:11:51,38.5167,-28.7,63.0,67,20,8.05,few clouds
88,Berlevag,NO,2022-02-10 17:11:52,70.8578,29.0864,22.95,80,0,17.27,clear sky
89,Mataura,NZ,2022-02-10 17:11:52,-46.1927,168.8643,58.48,96,61,2.08,broken clouds
90,Cape Town,ZA,2022-02-10 17:11:52,-33.9258,18.4232,75.09,47,0,9.08,clear sky
91,Zalalovo,HU,2022-02-10 17:11:53,46.848,16.5875,46.13,63,13,2.28,few clouds
92,Genhe,CN,2022-02-10 17:11:53,50.7833,121.5167,-9.71,99,100,3.4,overcast clouds
93,Sokolo,ML,2022-02-10 17:11:53,14.7328,-6.1219,90.59,6,0,13.58,clear sky
94,Jumla,NP,2022-02-10 17:12:54,29.2747,82.1838,24.12,92,75,6.71,broken clouds
95,Hobyo,SO,2022-02-10 17:12:54,5.3505,48.5268,76.64,67,92,20.49,overcast clouds
96,Sattenapalle,IN,2022-02-10 17:12:54,16.4,80.1833,67.66,79,27,4.41,scattered clouds
97,Fort Nelson,CA,2022-02-10 17:12:54,58.8053,-122.7002,34.83,55,100,11.77,overcast clouds
98,Brae,GB,2022-02-10 17:12:55,60.3964,-1.353,35.51,56,100,22.24,overcast clouds
99,Carutapera,BR,2022-02-10 17:12:55,-1.195,-46.02,82.85,72,73,7.0,broken clouds
100,Yellowknife,CA,2022-02-10 17:12:55,62.456,-114.3525,-10.44,79,99,11.99,overcast clouds
101,Vernon,CA,2022-02-10 17:12:56,50.2581,-119.2691,37.76,93,99,1.1,overcast clouds
102,Katsuura,JP,2022-02-10 17:12:56,35.1333,140.3,37.11,96,100,25.28,overcast clouds
103,Talara,PE,2022-02-10 17:12:56,-4.5772,-81.2719,84.96,54,40,9.22,scattered clouds
104,Touros,BR,2022-02-10 17:12:57,-5.1989,-35.4608,88.7,52,55,12.73,broken clouds
105,Necochea,AR,2022-02-10 17:12:57,-38.5473,-58.7368,86.04,38,19,16.15,few clouds
106,Carnarvon,AU,2022-02-10 17:09:05,-24.8667,113.6333,80.67,74,75,6.91,broken clouds
107,Tukrah,LY,2022-02-10 17:12:57,32.5341,20.5791,54.3,69,2,11.12,clear sky
108,Saint-Philippe,RE,2022-02-10 17:11:51,-21.3585,55.7679,78.39,80,25,6.89,scattered clouds
109,Khatanga,RU,2022-02-10 17:12:58,71.9667,102.5,-0.87,94,100,14.54,overcast clouds
110,Hilo,US,2022-02-10 17:09:51,19.7297,-155.09,63.25,80,0,8.05,clear sky
111,Dengzhou,CN,2022-02-10 17:12:58,37.8086,120.7508,38.32,61,95,6.71,overcast clouds
112,Provideniya,RU,2022-02-10 17:12:58,64.3833,-173.3,-19.68,92,43,3.6,scattered clouds
113,Hobart,AU,2022-02-10 17:10:37,-42.8794,147.3294,58.86,64,100,8.05,overcast clouds
114,Lorengau,PG,2022-02-10 17:12:59,-2.0226,147.2712,80.38,81,74,6.31,broken clouds
115,Cherskiy,RU,2022-02-10 17:12:59,68.75,161.3,-37.84,100,100,5.91,overcast clouds
116,Meulaboh,ID,2022-02-10 17:12:59,4.1363,96.1285,75.92,84,99,4.52,overcast clouds
117,Vila,PT,2022-02-10 17:13:00,42.0304,-8.1588,54.73,67,100,3.51,overcast clouds
118,Dutlwe,BW,2022-02-10 17:13:00,-23.9833,23.9,82.71,35,83,3.13,broken clouds
119,Constitucion,CL,2022-02-10 17:13:01,-35.3333,-72.4167,67.71,63,76,7.07,broken clouds
120,Bathsheba,BB,2022-02-10 17:13:01,13.2167,-59.5167,84.81,54,20,24.16,few clouds
121,Uray,RU,2022-02-10 17:13:01,60.1247,64.7758,6.76,94,100,11.05,overcast clouds
122,Dawson,US,2022-02-10 17:13:01,31.7735,-84.4466,66.58,46,4,4.92,clear sky
123,Victoria Point,AU,2022-02-10 17:13:02,-27.5833,153.3,70.92,85,0,1.99,clear sky
124,Chuy,UY,2022-02-10 17:10:11,-33.6971,-53.4616,79.56,47,10,13.67,clear sky
125,Hofn,IS,2022-02-10 17:13:02,64.2539,-15.2082,26.64,58,19,7.2,few clouds
126,Tiksi,RU,2022-02-10 17:13:02,71.6872,128.8694,-11.81,93,100,15.41,overcast clouds
127,Mayumba,GA,2022-02-10 17:13:03,-3.432,10.6554,79.61,83,36,8.95,scattered clouds
128,Paamiut,GL,2022-02-10 17:13:03,61.994,-49.6678,16.5,73,100,7.52,overcast clouds
129,Torbay,CA,2022-02-10 17:13:03,47.6666,-52.7314,42.76,77,44,4.0,scattered clouds
130,Outram,MY,2022-02-10 17:13:04,1.2829,103.8379,75.22,85,75,8.05,moderate rain
131,Pevek,RU,2022-02-10 17:13:04,69.7008,170.3133,-32.28,100,100,7.18,overcast clouds
132,Marandahalli,IN,2022-02-10 17:13:04,12.4,78.0,69.04,58,7,5.55,clear sky
133,Appleton,US,2022-02-10 17:13:05,44.2619,-88.4154,24.8,68,100,11.5,light snow
134,Cabo San Lucas,MX,2022-02-10 17:12:26,22.8909,-109.9124,74.52,46,0,4.61,clear sky
135,Deputatskiy,RU,2022-02-10 17:13:05,69.3,139.9,-24.39,95,87,6.22,overcast clouds
136,Daru,PG,2022-02-10 17:13:05,-9.0763,143.2092,79.59,80,89,10.87,overcast clouds
137,Ichinoseki,JP,2022-02-10 17:13:06,38.9167,141.1333,28.4,97,98,3.22,overcast clouds
138,Yenagoa,NG,2022-02-10 17:13:06,4.9247,6.2642,92.03,42,62,11.34,broken clouds
139,Anadyr,RU,2022-02-10 17:13:06,64.75,177.4833,-35.07,98,21,4.23,few clouds
140,Nantucket,US,2022-02-10 17:13:07,41.2835,-70.0995,50.97,78,0,16.11,clear sky
141,Kochki,RU,2022-02-10 17:13:07,54.3358,80.4806,-15.43,100,18,5.32,few clouds
142,Jamestown,US,2022-02-10 17:14:05,42.097,-79.2353,36.52,56,100,13.0,overcast clouds
143,Haines Junction,CA,2022-02-10 17:14:08,60.7522,-137.5108,-1.7,100,29,3.44,scattered clouds
144,Pombas,CV,2022-02-10 17:14:08,17.1503,-25.0201,80.38,60,99,4.79,overcast clouds
145,Hithadhoo,MV,2022-02-10 17:14:09,-0.6,73.0833,82.09,69,100,8.08,overcast clouds
146,Sokol,RU,2022-02-10 17:14:09,59.4617,40.1206,27.39,97,100,6.46,light snow
147,Vao,NC,2022-02-10 17:14:09,-22.6667,167.4833,81.68,86,100,43.98,moderate rain
148,Kysyl-Syr,RU,2022-02-10 17:14:10,63.8986,122.7617,-38.4,100,60,1.63,broken clouds
149,Ustrzyki Dolne,PL,2022-02-10 17:14:10,49.4304,22.5938,39.99,100,79,10.87,broken clouds
150,Lucea,JM,2022-02-10 17:14:10,18.451,-78.1736,79.86,70,2,8.86,clear sky
151,Verkhnyaya Inta,RU,2022-02-10 17:14:11,65.9811,60.3094,15.01,76,100,12.77,overcast clouds
152,Kimbe,PG,2022-02-10 17:14:11,-5.5502,150.1429,76.28,93,98,3.09,light rain
153,Bambous Virieux,MU,2022-02-10 17:14:11,-20.3428,57.7575,79.05,83,75,3.44,light rain
154,Wenling,CN,2022-02-10 17:14:12,28.3669,121.36,43.92,80,100,10.63,light rain
155,Ketchikan,US,2022-02-10 17:14:12,55.3422,-131.6461,39.18,75,100,5.75,overcast clouds
156,Persianovskiy,RU,2022-02-10 17:14:12,47.5137,40.1075,36.12,93,75,13.42,broken clouds
157,Cockburn Town,TC,2022-02-10 17:14:13,21.4612,-71.1419,77.72,73,9,17.18,clear sky
158,Kirakira,SB,2022-02-10 17:10:33,-10.4544,161.9205,78.46,85,95,6.76,overcast clouds
159,Bima,ID,2022-02-10 17:14:13,-8.4667,118.7167,75.65,96,100,0.43,moderate rain
160,Morant Bay,JM,2022-02-10 17:14:14,17.8815,-76.4093,81.63,68,18,9.95,few clouds
161,Pilar,BR,2022-02-10 17:14:14,-9.5972,-35.9567,89.53,41,51,16.84,broken clouds
162,Sabaudia,IT,2022-02-10 17:14:14,41.3003,13.0282,58.35,79,0,6.98,clear sky
163,Lazaro Cardenas,MX,2022-02-10 17:14:15,17.9583,-102.2,80.37,48,77,3.02,broken clouds
164,Ofaqim,IL,2022-02-10 17:14:15,31.3141,34.6203,50.74,81,48,8.16,scattered clouds
165,Tucuma,BR,2022-02-10 17:14:15,-0.1833,-50.05,82.87,72,99,6.85,overcast clouds
166,Puerto Madryn,AR,2022-02-10 17:14:16,-42.7692,-65.0385,71.6,21,69,23.02,broken clouds
167,Comodoro Rivadavia,AR,2022-02-10 17:14:16,-45.8667,-67.5,60.66,41,0,14.97,clear sky
168,Nerchinskiy Zavod,RU,2022-02-10 17:14:16,51.3088,119.61,-17.72,99,86,3.33,overcast clouds
169,Salalah,OM,2022-02-10 17:14:17,17.0151,54.0924,75.29,60,20,4.61,few clouds
170,Camana,PE,2022-02-10 17:14:17,-16.6228,-72.7111,74.91,64,58,9.19,broken clouds
171,Sabha,LY,2022-02-10 17:14:17,27.0377,14.4283,55.0,37,1,8.59,clear sky
172,Cumana,VE,2022-02-10 17:14:18,10.4635,-64.1775,81.5,68,8,17.05,clear sky
173,Botelhos,BR,2022-02-10 17:14:18,-21.6333,-46.395,72.99,80,100,4.5,overcast clouds
174,Port Hardy,CA,2022-02-10 17:14:19,50.6996,-127.4199,45.75,100,100,4.61,light rain
175,Tynda,RU,2022-02-10 17:14:19,55.1667,124.7167,-20.92,96,91,2.66,overcast clouds
176,Santa Rosa,PH,2022-02-10 17:14:19,14.3122,121.1114,79.11,76,68,10.51,broken clouds
177,Buala,SB,2022-02-10 17:14:20,-8.145,159.5921,79.11,85,100,8.03,light rain
178,Alofi,NU,2022-02-10 17:11:45,-19.0595,-169.9187,81.03,74,75,12.82,broken clouds
179,Fortuna,US,2022-02-10 17:10:10,40.5982,-124.1573,64.74,78,0,12.66,clear sky
180,Providencia,MX,2022-02-10 17:14:20,28.7167,-111.5833,75.25,37,0,0.89,clear sky
181,Mao,ES,2022-02-10 17:14:20,39.8885,4.2658,55.96,76,75,3.44,broken clouds
182,Udachnyy,RU,2022-02-10 17:14:21,66.4167,112.4,-6.56,76,100,7.76,overcast clouds
183,Itarema,BR,2022-02-10 17:10:56,-2.9248,-39.9167,85.35,61,100,10.67,overcast clouds
184,Lebu,CL,2022-02-10 17:12:33,-37.6167,-73.65,60.82,59,40,25.5,scattered clouds
185,Debrecen,HU,2022-02-10 17:15:21,47.5333,21.6333,46.51,81,20,4.61,few clouds
186,Adrar,MR,2022-02-10 17:15:22,20.5022,-10.0711,79.47,11,42,19.1,scattered clouds
187,Cururupu,BR,2022-02-10 17:15:22,-1.8283,-44.8683,77.32,85,90,3.44,overcast clouds
188,Belaya Gora,RU,2022-02-10 17:15:22,68.5333,146.4167,-41.49,99,31,4.16,scattered clouds
189,Guerrero Negro,MX,2022-02-10 17:15:23,27.9769,-114.0611,66.07,45,0,2.59,clear sky
190,Dosso,NE,2022-02-10 17:15:23,13.049,3.1937,92.08,7,13,8.57,few clouds
191,Ilulissat,GL,2022-02-10 17:15:03,69.2167,-51.1,-0.38,55,75,5.75,broken clouds
192,Ani-E,PH,2022-02-10 17:15:23,8.6136,124.8706,68.77,92,100,3.02,overcast clouds
193,Dhidhdhoo,MV,2022-02-10 17:15:24,6.8833,73.1,80.64,77,67,12.8,broken clouds
194,Srednekolymsk,RU,2022-02-10 17:15:24,67.45,153.6833,-39.32,99,75,5.73,broken clouds
195,Amot,NO,2022-02-10 17:15:24,59.5714,7.9877,28.42,92,19,5.03,few clouds
196,Kununurra,AU,2022-02-10 17:15:25,-15.7667,128.7333,78.78,94,57,0.0,broken clouds
197,Pisco,PE,2022-02-10 17:15:25,-13.7,-76.2167,78.03,69,0,10.36,clear sky
198,Lata,PT,2022-02-10 17:15:25,40.1629,-8.3327,64.72,49,99,4.03,overcast clouds
199,Najran,SA,2022-02-10 17:15:26,17.4924,44.1277,68.65,22,1,4.68,clear sky
200,Rosetown,CA,2022-02-10 17:15:26,51.5501,-108.0014,38.98,75,83,13.8,broken clouds
201,Zhanaozen,KZ,2022-02-10 17:15:26,43.3,52.8,39.97,70,100,15.32,overcast clouds
202,Morgan City,US,2022-02-10 17:15:27,29.6994,-91.2068,66.0,42,0,0.0,clear sky
203,Boddam,GB,2022-02-10 17:15:27,57.4667,-1.7833,39.58,79,100,36.13,overcast clouds
204,Severo-Kurilsk,RU,2022-02-10 17:15:27,50.6789,156.125,25.11,72,94,8.39,overcast clouds
205,Alberton,CA,2022-02-10 17:15:28,46.8168,-64.0654,35.51,97,40,11.25,scattered clouds
206,Kodiak,US,2022-02-10 17:15:28,57.79,-152.4072,15.31,79,0,6.91,clear sky
207,Ponta Delgada,PT,2022-02-10 17:15:28,37.7333,-25.6667,64.51,67,40,13.8,scattered clouds
208,Minab,IR,2022-02-10 17:15:29,27.1467,57.0801,62.92,77,0,0.0,clear sky
209,Malpe,IN,2022-02-10 17:15:29,13.35,74.7167,79.9,82,6,5.53,clear sky
210,Sept-Iles,CA,2022-02-10 17:15:29,50.2001,-66.3821,30.06,92,100,6.91,overcast clouds
211,Chipinge,ZW,2022-02-10 17:15:30,-20.1883,32.6236,69.76,72,37,5.06,scattered clouds
212,Barranca,PE,2022-02-10 17:15:30,-10.75,-77.7667,74.12,68,99,8.48,overcast clouds
213,Alta Floresta,BR,2022-02-10 17:15:30,-9.8756,-56.0861,91.22,52,40,3.44,scattered clouds
214,Eureka,US,2022-02-10 17:13:18,40.8021,-124.1637,65.01,84,7,1.01,clear sky
215,Olinda,BR,2022-02-10 17:15:31,-8.0089,-34.8553,87.53,51,20,9.22,few clouds
216,Sola,VU,2022-02-10 17:15:31,-13.8833,167.55,82.4,76,100,21.74,overcast clouds
217,Te Anau,NZ,2022-02-10 17:15:31,-45.4167,167.7167,55.49,94,56,1.77,broken clouds
218,Troitskoye,RU,2022-02-10 17:15:31,52.9821,84.6757,-12.37,100,9,3.98,clear sky
219,Dikson,RU,2022-02-10 17:15:32,73.5069,80.5464,4.73,94,90,29.04,overcast clouds
220,Gurlan,UZ,2022-02-10 17:15:32,41.8447,60.3919,41.07,56,45,9.35,scattered clouds
221,Maniitsoq,GL,2022-02-10 17:15:32,65.4167,-52.9,13.08,92,100,7.05,light snow
222,Kailua,US,2022-02-10 17:15:33,21.4022,-157.7394,73.38,77,0,0.0,clear sky
223,Opole,PL,2022-02-10 17:15:33,50.5,18.0,49.23,66,73,11.52,broken clouds
224,Samarai,PG,2022-02-10 17:15:33,-10.6167,150.6667,81.64,64,98,14.58,overcast clouds
225,Beringovskiy,RU,2022-02-10 17:15:34,63.05,179.3167,-26.66,92,25,3.83,scattered clouds
226,Gazli,UZ,2022-02-10 17:11:31,40.1333,63.45,51.1,41,17,8.95,few clouds
227,Egvekinot,RU,2022-02-10 17:15:34,66.3167,-179.1667,-27.11,90,18,4.83,few clouds
228,Gogrial,SS,2022-02-10 17:15:34,8.5332,28.1004,86.86,17,79,5.23,broken clouds
229,Olafsvik,IS,2022-02-10 17:15:35,64.8945,-23.7142,35.15,57,98,28.16,light snow
230,Ayan,RU,2022-02-10 17:15:35,56.45,138.1667,12.29,94,100,9.13,light snow
231,Natal,BR,2022-02-10 17:15:35,-5.795,-35.2094,88.45,62,20,13.8,few clouds
232,Zhangye,CN,2022-02-10 17:16:36,38.9342,100.4517,24.39,41,82,5.37,broken clouds
233,Breves,BR,2022-02-10 17:16:36,-1.6822,-50.4803,84.72,66,100,3.04,overcast clouds
234,Kuminskiy,RU,2022-02-10 17:16:36,58.6667,66.5667,0.97,91,26,8.61,scattered clouds
235,Gambo,CF,2022-02-10 17:16:37,4.6482,22.2633,84.42,21,100,3.04,overcast clouds
236,Barkly West,ZA,2022-02-10 17:16:37,-28.5354,24.5215,83.48,21,5,5.1,clear sky
237,Changli,CN,2022-02-10 17:16:37,39.7042,119.1506,33.51,54,70,5.41,broken clouds
238,Khandyga,RU,2022-02-10 17:16:38,62.6667,135.6,-38.78,100,97,0.47,overcast clouds
239,Tuatapere,NZ,2022-02-10 17:16:38,-46.1333,167.6833,58.82,97,32,1.01,scattered clouds
240,Corrente,BR,2022-02-10 17:16:38,-3.7367,-43.3394,85.3,64,68,4.0,broken clouds
241,Canandaigua,US,2022-02-10 17:16:39,42.8742,-77.288,40.24,70,78,11.99,broken clouds
242,Qaanaaq,GL,2022-02-10 17:12:36,77.484,-69.3632,-21.08,56,6,7.49,clear sky
243,Pangnirtung,CA,2022-02-10 17:16:39,66.1451,-65.7125,-9.4,59,100,2.3,overcast clouds
244,Bemidji,US,2022-02-10 17:16:39,47.4736,-94.8803,22.64,80,100,11.5,overcast clouds
245,Ponta Do Sol,PT,2022-02-10 17:16:40,32.6667,-17.1,71.71,78,100,6.55,overcast clouds
246,Hecun,CN,2022-02-10 17:16:40,36.5333,114.1111,39.7,45,100,2.95,overcast clouds
247,Chapais,CA,2022-02-10 17:16:40,49.7834,-74.8492,31.78,99,100,8.32,snow
248,Dobrinka,RU,2022-02-10 17:16:41,52.1653,40.4731,33.33,91,100,13.67,overcast clouds
249,Uvira,CD,2022-02-10 17:16:41,-3.4067,29.1458,73.81,85,90,1.9,overcast clouds
250,Pocone,BR,2022-02-10 17:16:41,-16.2567,-56.6228,85.26,65,44,4.09,scattered clouds
251,Cuxhaven,DE,2022-02-10 17:16:42,53.8718,8.6909,41.2,75,75,12.66,broken clouds
252,Komsomolskiy,UZ,2022-02-10 17:13:09,40.4272,71.7189,36.82,69,49,4.61,scattered clouds
253,Luangwa,ZM,2022-02-10 17:16:42,-15.6167,30.4167,76.75,85,100,1.54,overcast clouds
254,Rawson,AR,2022-02-10 17:16:42,-43.3002,-65.1023,66.34,39,95,22.3,overcast clouds
255,Port-Gentil,GA,2022-02-10 17:16:43,-0.7193,8.7815,81.46,79,100,10.54,light rain
256,Padang,ID,2022-02-10 17:16:43,-0.9492,100.3543,77.58,78,99,3.33,overcast clouds
257,Chara,RU,2022-02-10 17:16:43,56.9064,118.2631,-20.09,91,100,0.76,overcast clouds
258,Anloga,GH,2022-02-10 17:16:44,5.7947,0.8973,82.63,76,4,16.11,clear sky
259,Dwarka,IN,2022-02-10 17:16:44,22.2394,68.9678,71.71,50,5,10.98,clear sky
260,Quesnel,CA,2022-02-10 17:16:44,52.9999,-122.5029,34.3,86,20,4.61,few clouds
261,Turtas,RU,2022-02-10 17:16:45,58.9417,69.1325,1.08,92,9,7.72,clear sky
262,Leo,BF,2022-02-10 17:16:45,11.1,-2.1,96.08,7,0,9.51,clear sky
263,Hovd,MN,2022-02-10 17:16:45,48.0056,91.6419,-6.43,98,98,2.17,overcast clouds
264,Kavieng,PG,2022-02-10 17:16:46,-2.5744,150.7967,80.76,80,96,7.83,light rain
265,Moquegua,PE,2022-02-10 17:16:46,-17.1956,-70.9353,75.0,31,92,10.49,overcast clouds
266,Dunedin,NZ,2022-02-10 17:16:46,-45.8742,170.5036,58.68,95,97,3.87,overcast clouds
267,Mosquera,CO,2022-02-10 17:16:47,4.7059,-74.2302,68.09,52,40,6.91,scattered clouds
268,Goure,NE,2022-02-10 17:16:47,13.9835,10.2704,81.01,8,59,10.36,broken clouds
269,San Jose,US,2022-02-10 17:16:35,37.3394,-121.895,68.59,52,20,4.0,few clouds
270,Kayes,ML,2022-02-10 17:16:48,14.0,-11.0,96.42,6,0,12.26,clear sky
271,Manzanillo,CU,2022-02-10 17:16:48,20.3433,-77.1167,85.5,50,0,4.7,clear sky
272,Laguna,US,2022-02-10 17:16:48,38.421,-121.4238,66.49,78,0,9.22,clear sky
273,Prince Rupert,CA,2022-02-10 17:16:48,54.3161,-130.3201,41.09,81,100,12.66,overcast clouds
274,Kahului,US,2022-02-10 17:16:49,20.8947,-156.47,70.84,78,0,9.22,clear sky
275,Tarskoye,RU,2022-02-10 17:16:49,42.967,44.7711,28.65,90,90,3.11,overcast clouds
276,General Roca,AR,2022-02-10 17:16:49,-39.0333,-67.5833,79.2,20,100,14.47,overcast clouds
277,Asyut,EG,2022-02-10 17:17:50,27.181,31.1837,55.74,46,5,11.03,clear sky
278,Xinqing,CN,2022-02-10 17:17:50,48.2333,129.5,0.01,99,100,2.1,overcast clouds
279,Boueni,YT,2022-02-10 17:17:50,-12.9025,45.0761,76.98,80,100,14.38,overcast clouds
280,Batagay,RU,2022-02-10 17:17:51,67.6333,134.6333,-35.19,99,85,2.3,overcast clouds
281,Tumut,AU,2022-02-10 17:17:51,-35.3,148.2167,60.96,88,0,4.0,clear sky
282,San Patricio,US,2022-02-10 17:17:51,28.017,-97.5169,68.07,50,96,3.4,overcast clouds
283,Houma,US,2022-02-10 17:17:52,29.5958,-90.7195,66.0,43,0,1.99,clear sky
284,Kruisfontein,ZA,2022-02-10 17:17:52,-34.0033,24.7314,65.91,77,70,10.92,broken clouds
285,Sunrise Manor,US,2022-02-10 17:17:52,36.2111,-115.0731,65.75,31,0,16.11,clear sky
286,Russell,US,2022-02-10 17:17:53,32.3502,-85.1999,65.37,37,0,0.0,clear sky
287,Chala,TZ,2022-02-10 17:17:53,-7.5833,31.2667,58.78,97,99,2.66,light rain
288,Upernavik,GL,2022-02-10 17:15:33,72.7868,-56.1549,-8.25,93,100,4.0,overcast clouds
289,Maraba,BR,2022-02-10 17:17:53,-5.3686,-49.1178,86.18,70,40,6.91,scattered clouds
290,Naze,JP,2022-02-10 17:17:54,28.3667,129.4833,55.54,67,79,11.41,broken clouds
291,Chardara,KZ,2022-02-10 17:17:54,41.2547,67.9692,48.04,44,100,9.46,overcast clouds
292,Richards Bay,ZA,2022-02-10 17:17:54,-28.783,32.0377,75.06,87,1,8.86,light rain
293,Broome,US,2022-02-10 17:17:55,42.2506,-75.833,42.67,57,75,17.27,broken clouds
294,Grindavik,IS,2022-02-10 17:17:55,63.8424,-22.4338,32.47,80,75,18.41,light snow
295,Fare,PF,2022-02-10 17:17:55,-16.7,-151.0167,80.33,76,59,11.77,light rain
296,Kaka,TM,2022-02-10 17:17:56,37.3482,59.6143,56.03,28,89,4.0,overcast clouds
297,Esperance,AU,2022-02-10 17:13:00,-33.8667,121.9,72.93,53,64,23.4,broken clouds
298,Progreso,MX,2022-02-10 17:17:56,21.2833,-89.6667,79.11,63,5,4.85,clear sky
299,Tateyama,JP,2022-02-10 17:17:57,34.9833,139.8667,37.02,98,100,30.89,overcast clouds
300,Libreville,GA,2022-02-10 17:13:49,0.3925,9.4537,82.42,73,87,7.81,overcast clouds
301,Porto Santo,PT,2022-02-10 17:17:57,33.072,-16.3415,66.58,88,20,3.44,few clouds
302,Baiyin,CN,2022-02-10 17:17:57,36.5583,104.2081,25.68,65,100,3.47,overcast clouds
303,La Ronge,CA,2022-02-10 17:17:58,55.1001,-105.2842,10.65,85,100,13.8,overcast clouds
304,Ostrovnoy,RU,2022-02-10 17:14:25,68.0531,39.5131,26.06,86,100,21.21,overcast clouds
305,Butembo,CD,2022-02-10 17:17:58,0.15,29.2833,65.75,56,97,3.11,overcast clouds
306,Awjilah,LY,2022-02-10 17:17:58,29.1081,21.2869,55.92,43,1,8.01,clear sky
307,Pedasi,PA,2022-02-10 17:17:59,7.5333,-80.0333,82.22,70,11,15.52,few clouds
308,Nouadhibou,MR,2022-02-10 17:17:59,20.931,-17.0347,84.18,26,75,9.22,broken clouds
309,Codrington,AU,2022-02-10 17:17:59,-38.2667,141.9667,56.68,79,4,7.72,clear sky
310,Jaisalmer,IN,2022-02-10 17:18:00,26.9147,70.9181,66.6,21,0,2.06,clear sky
311,Khudumelapye,BW,2022-02-10 17:18:00,-23.8833,24.75,83.3,33,56,5.21,broken clouds
312,Paita,PE,2022-02-10 17:18:00,-5.0892,-81.1144,84.76,58,74,8.55,broken clouds
313,Ak-Dovurak,RU,2022-02-10 17:18:01,51.1833,90.6,-16.19,94,83,1.68,broken clouds
314,Qasigiannguit,GL,2022-02-10 17:18:01,68.8193,-51.1922,-0.15,89,72,5.28,broken clouds
315,Bonito Oriental,HN,2022-02-10 17:18:01,15.7477,-85.7356,78.42,56,14,4.16,few clouds
316,Nanortalik,GL,2022-02-10 17:18:02,60.1432,-45.2371,26.58,57,77,8.21,broken clouds
317,Aklavik,CA,2022-02-10 17:18:02,68.2191,-135.0107,-17.57,69,100,5.75,light snow
318,Cabra,ES,2022-02-10 17:18:03,37.4725,-4.4421,65.64,34,19,1.01,few clouds
319,Rampura,IN,2022-02-10 17:18:03,30.25,75.2333,50.88,60,0,5.06,clear sky
320,Uruzgan,AF,2022-02-10 17:18:03,32.8333,66.0,37.99,41,1,6.73,clear sky
321,Quelimane,MZ,2022-02-10 17:18:04,-17.8786,36.8883,82.35,74,20,9.22,few clouds
322,Dukat,RU,2022-02-10 17:18:04,62.55,155.55,-26.61,78,88,3.65,overcast clouds
323,Bambanglipuro,ID,2022-02-10 17:18:04,-7.95,110.2833,78.24,84,100,4.76,heavy intensity rain
324,Inongo,CD,2022-02-10 17:18:05,-1.95,18.2667,82.35,57,90,3.62,overcast clouds
325,Tomari,RU,2022-02-10 17:18:05,47.7658,142.0683,19.35,88,100,5.44,overcast clouds
326,Acapulco,MX,2022-02-10 17:19:06,16.8634,-99.8901,84.02,54,75,3.44,broken clouds
327,Alpena,US,2022-02-10 17:19:06,45.0617,-83.4327,30.34,75,100,10.36,overcast clouds
328,Alekseyevsk,RU,2022-02-10 17:19:06,57.8406,108.3492,-18.67,100,95,2.73,overcast clouds
329,Lompoc,US,2022-02-10 17:19:07,34.6391,-120.4579,82.13,35,0,9.22,clear sky
330,Klaksvik,FO,2022-02-10 17:18:00,62.2266,-6.589,31.12,53,98,17.34,overcast clouds
331,Coihaique,CL,2022-02-10 17:19:07,-45.5752,-72.0662,59.61,36,40,10.36,scattered clouds
332,Saint-Leu,RE,2022-02-10 17:19:08,-21.15,55.2833,77.86,81,49,8.55,scattered clouds
333,Chifeng,CN,2022-02-10 17:19:08,42.2683,118.9636,22.91,52,7,6.69,clear sky
334,Gushikawa,JP,2022-02-10 17:19:08,26.3544,127.8686,60.03,72,100,3.44,overcast clouds
335,Alice Springs,AU,2022-02-10 17:19:09,-23.7,133.8833,63.95,82,0,0.0,clear sky
336,Quatre Cocos,MU,2022-02-10 17:19:09,-20.2078,57.7625,78.91,79,17,8.01,light rain
337,Dahra,DZ,2022-02-10 17:19:09,36.2546,0.8519,56.59,84,24,6.15,few clouds
338,Kaitangata,NZ,2022-02-10 17:17:36,-46.2817,169.8464,55.92,97,81,3.31,broken clouds
339,Taoudenni,ML,2022-02-10 17:19:10,22.6783,-3.9836,76.51,12,20,17.47,few clouds
340,Oum Hadjer,TD,2022-02-10 17:19:10,13.2954,19.6966,80.24,10,0,9.31,clear sky
341,Popondetta,PG,2022-02-10 17:19:10,-8.7537,148.2534,74.1,98,100,2.21,overcast clouds
342,Lashio,MM,2022-02-10 17:19:11,22.9333,97.75,50.97,63,2,1.45,clear sky
343,Mnogovershinnyy,RU,2022-02-10 17:19:11,53.9353,139.9242,6.93,96,100,2.57,overcast clouds
344,Rochester,US,2022-02-10 17:19:10,43.1548,-77.6156,39.97,81,100,21.85,overcast clouds
345,Saint-Francois,FR,2022-02-10 17:19:12,46.4154,3.9054,49.68,75,30,4.61,scattered clouds
346,Puerto Escondido,MX,2022-02-10 17:19:12,15.85,-97.0667,85.03,70,0,4.61,clear sky
347,Puerto Leguizamo,CO,2022-02-10 17:19:12,-0.1934,-74.7819,89.85,48,96,3.31,overcast clouds
348,Severomuysk,RU,2022-02-10 17:19:12,56.1481,113.4267,-23.69,98,95,4.27,overcast clouds
349,Sokna,NO,2022-02-10 17:19:13,60.24,9.9235,35.67,93,56,3.96,broken clouds
350,Juneau,US,2022-02-10 17:19:13,58.3019,-134.4197,35.6,84,75,14.97,light rain
351,Puerto Quijarro,BO,2022-02-10 17:19:13,-17.7833,-57.7667,97.25,30,100,3.15,overcast clouds
352,Vestmanna,FO,2022-02-10 17:16:45,62.1564,-7.1664,29.32,59,75,12.66,broken clouds
353,Inirida,CO,2022-02-10 17:19:14,3.8653,-67.9239,90.82,52,97,1.54,overcast clouds
354,Banyo,CM,2022-02-10 17:19:14,6.75,11.8167,82.18,15,5,3.31,clear sky
355,Kushmurun,KZ,2022-02-10 17:19:15,52.4503,64.6311,4.48,93,85,7.67,overcast clouds
356,Ancud,CL,2022-02-10 17:16:43,-41.8697,-73.8203,65.43,44,4,10.22,clear sky
357,Agapovka,RU,2022-02-10 17:19:15,53.2973,59.1348,4.21,95,100,6.22,overcast clouds
358,Longyearbyen,SJ,2022-02-10 17:19:15,78.2186,15.6401,24.64,74,75,12.66,broken clouds
359,Kamaishi,JP,2022-02-10 17:19:16,39.2667,141.8833,32.67,85,100,8.43,light snow
360,Hays,US,2022-02-10 17:18:02,30.0502,-98.0336,67.08,42,86,6.73,overcast clouds
361,Calvinia,ZA,2022-02-10 17:19:16,-31.4707,19.776,77.29,42,0,14.14,clear sky
362,Tomohon,ID,2022-02-10 17:19:16,1.3346,124.8392,68.94,94,57,1.61,moderate rain
363,Oda,JP,2022-02-10 17:19:17,35.1833,132.5,40.77,73,56,5.26,light rain
364,Sibi,PK,2022-02-10 17:19:17,29.5448,67.8764,63.97,19,0,0.25,clear sky
365,Penzance,GB,2022-02-10 17:19:17,50.1186,-5.5371,48.27,65,20,17.27,few clouds
366,Tete,MZ,2022-02-10 17:19:18,-16.1564,33.5867,87.89,51,40,4.61,scattered clouds
367,Sibu,MY,2022-02-10 17:19:18,2.3,111.8167,77.31,94,40,2.3,moderate rain
368,Beloyarskiy,RU,2022-02-10 17:19:19,63.7119,66.6722,10.47,89,89,10.71,overcast clouds
369,Durania,CO,2022-02-10 17:19:19,7.7131,-72.6576,74.32,51,65,5.5,broken clouds
370,Hirara,JP,2022-02-10 17:19:19,24.8,125.2833,63.99,77,100,18.81,overcast clouds
371,Nicoya,CR,2022-02-10 17:19:20,10.1483,-85.452,90.95,34,41,11.72,scattered clouds
372,Bin Qirdan,TN,2022-02-10 17:20:20,33.1378,11.2197,55.94,58,0,11.05,clear sky
373,Inta,RU,2022-02-10 17:20:20,66.0317,60.1659,15.06,77,100,11.5,overcast clouds
374,Lake Wales,US,2022-02-10 17:20:21,27.9014,-81.5859,68.77,43,0,6.91,clear sky
375,Nome,US,2022-02-10 17:20:21,64.5011,-165.4064,-20.13,76,0,0.0,clear sky
376,Conway,US,2022-02-10 17:20:21,35.0887,-92.4421,60.1,42,0,1.99,clear sky
377,Korla,CN,2022-02-10 17:20:21,41.7597,86.1469,27.97,48,79,2.08,broken clouds
378,Mahebourg,MU,2022-02-10 17:20:22,-20.4081,57.7,79.09,83,75,3.44,broken clouds
379,Greece,US,2022-02-10 17:20:22,43.2098,-77.6931,39.22,82,100,21.85,overcast clouds
380,Aljezur,PT,2022-02-10 17:20:22,37.3191,-8.8033,60.62,68,100,7.09,overcast clouds
381,Sistranda,NO,2022-02-10 17:20:23,63.7256,8.834,32.9,67,100,26.53,snow
382,Stanislav,UA,2022-02-10 17:20:23,46.5691,32.1478,40.39,84,90,9.84,overcast clouds
383,Zigong,CN,2022-02-10 17:20:23,29.3416,104.7769,47.12,67,100,3.24,overcast clouds
384,Moose Factory,CA,2022-02-10 17:20:24,51.2585,-80.6094,3.2,72,100,14.97,haze
385,Wanning,CN,2022-02-10 17:20:24,18.8003,110.3967,69.6,93,25,5.64,scattered clouds
386,Humaita,BR,2022-02-10 17:20:24,-7.5061,-63.0208,90.82,53,98,2.48,overcast clouds
387,Caravelas,BR,2022-02-10 17:20:25,-17.7125,-39.2481,86.23,57,25,11.16,scattered clouds
388,Skjervoy,NO,2022-02-10 17:20:25,70.0311,20.9714,26.78,68,98,15.05,light snow
389,Talcahuano,CL,2022-02-10 17:20:25,-36.7167,-73.1167,71.28,49,0,13.8,clear sky
390,Marsa Matruh,EG,2022-02-10 17:20:26,31.3525,27.2453,56.23,58,39,23.42,scattered clouds
391,Noumea,NC,2022-02-10 17:20:26,-22.2763,166.4572,81.0,99,100,33.11,moderate rain
392,Moree,AU,2022-02-10 17:20:26,-29.4667,149.85,66.22,63,1,8.05,clear sky
393,Yulara,AU,2022-02-10 17:20:27,-25.2406,130.9889,75.04,43,0,8.05,clear sky
394,Nalbari,IN,2022-02-10 17:20:27,26.4456,91.4354,58.98,78,32,8.77,scattered clouds
395,Luganville,VU,2022-02-10 17:20:27,-15.5333,167.1667,77.68,84,100,4.85,overcast clouds
396,Coquimbo,CL,2022-02-10 17:18:12,-29.9533,-71.3436,67.73,72,100,8.05,overcast clouds
397,Benton Harbor,US,2022-02-10 17:20:28,42.1167,-86.4542,31.87,71,100,14.97,overcast clouds
398,Sao Borja,BR,2022-02-10 17:20:28,-28.6606,-56.0044,100.94,14,0,6.4,clear sky
399,Hamirpur,IN,2022-02-10 17:20:29,25.95,80.15,56.46,58,0,6.6,clear sky
400,Babu,CN,2022-02-10 17:20:29,24.4167,111.5167,47.91,95,100,2.64,overcast clouds
401,Tourlaville,FR,2022-02-10 17:20:29,49.6383,-1.5664,45.12,70,75,8.05,broken clouds
402,Shache,CN,2022-02-10 17:20:30,38.4167,77.2406,36.68,34,30,6.67,scattered clouds
403,Shenjiamen,CN,2022-02-10 17:20:30,29.9576,122.298,44.78,71,92,7.11,light rain
404,Sobolevo,RU,2022-02-10 17:20:30,54.4299,31.8996,33.01,80,100,13.0,overcast clouds
405,Provost,CA,2022-02-10 17:20:30,52.3501,-110.2683,42.22,67,48,26.64,scattered clouds
406,Basoko,CD,2022-02-10 17:20:31,1.2391,23.616,85.96,39,96,3.24,overcast clouds
407,Dongsheng,CN,2022-02-10 17:20:31,39.8161,109.9776,24.57,41,100,4.59,overcast clouds
408,Yamada,JP,2022-02-10 17:20:31,39.4667,141.95,32.41,83,100,6.85,snow
409,Iskateley,RU,2022-02-10 17:20:32,67.6803,53.1512,23.29,89,100,21.92,overcast clouds
410,San Miguel,SV,2022-02-10 17:20:32,13.4833,-88.1833,92.48,31,6,2.28,clear sky
411,Da Nang,VN,2022-02-10 17:20:33,16.0678,108.2208,73.38,94,40,3.44,scattered clouds
412,Tandil,AR,2022-02-10 17:20:07,-37.3217,-59.1332,79.72,46,1,14.03,clear sky
413,Solnechnyy,RU,2022-02-10 17:20:33,50.7214,136.6319,-1.68,96,94,3.51,overcast clouds
414,Xichang,CN,2022-02-10 17:20:33,27.8964,102.2634,42.4,72,0,2.66,clear sky
415,Saldanha,ZA,2022-02-10 17:20:34,-33.0117,17.9442,71.65,75,5,12.95,clear sky
416,Makakilo City,US,2022-02-10 17:19:54,21.3469,-158.0858,71.92,80,0,5.75,clear sky
417,Freeport,US,2022-02-10 17:21:34,40.6576,-73.5832,54.32,57,0,13.8,clear sky
418,Cabedelo,BR,2022-02-10 17:21:34,-6.9811,-34.8339,88.47,56,35,11.23,scattered clouds
419,Tupik,RU,2022-02-10 17:21:35,54.4253,119.9327,-9.4,98,100,2.19,overcast clouds
420,Aksarka,RU,2022-02-10 17:21:35,66.5606,67.7975,13.42,92,100,18.84,overcast clouds
421,Timizart,DZ,2022-02-10 17:21:36,36.8,4.2667,53.28,71,1,3.6,clear sky
422,Rayong,TH,2022-02-10 17:21:36,12.8333,101.4333,83.71,99,46,3.27,scattered clouds
423,Micheweni,TZ,2022-02-10 17:21:36,-4.9667,39.8333,80.64,77,95,13.6,overcast clouds
424,Guayaramerin,BO,2022-02-10 17:21:37,-10.8368,-65.3614,87.85,62,40,8.05,scattered clouds
425,Cidreira,BR,2022-02-10 17:21:37,-30.1811,-50.2056,76.77,69,0,15.52,clear sky
426,Geraldton,AU,2022-02-10 17:21:37,-28.7667,114.6,68.41,88,0,0.0,clear sky
427,Dicabisagan,PH,2022-02-10 17:21:37,17.0818,122.4157,73.72,88,46,3.38,scattered clouds
428,Neftegorsk,RU,2022-02-10 17:21:38,52.802,51.166,26.01,95,100,11.43,light snow
429,Batouri,CM,2022-02-10 17:21:38,4.4333,14.3667,87.01,16,67,3.02,broken clouds
430,Grand-Santi,GF,2022-02-10 17:21:38,4.25,-54.3833,83.39,72,89,4.34,overcast clouds
431,Koumac,NC,2022-02-10 17:21:39,-20.5667,164.2833,79.52,90,100,20.58,overcast clouds
432,Luderitz,NA,2022-02-10 17:21:39,-26.6481,15.1594,77.04,48,2,25.08,clear sky
433,Wolkersdorf,AT,2022-02-10 17:21:39,48.3833,16.5167,54.1,52,72,8.01,broken clouds
434,Boa Vista,BR,2022-02-10 17:21:40,2.8197,-60.6733,93.18,40,40,10.36,scattered clouds
435,Erenhot,CN,2022-02-10 17:21:40,43.6475,111.9767,2.39,94,35,2.15,scattered clouds
436,Karakol,KG,2022-02-10 17:21:40,42.4907,78.3936,15.96,65,99,6.93,overcast clouds
437,Jalu,LY,2022-02-10 17:21:41,29.0331,21.5482,56.14,43,2,7.27,clear sky
438,Constantine,DZ,2022-02-10 17:21:41,36.365,6.6147,54.81,43,0,4.61,clear sky
439,Port Moresby,PG,2022-02-10 17:21:41,-9.4431,147.1797,75.85,84,82,10.56,broken clouds
440,Raton,US,2022-02-10 17:17:26,36.9034,-104.4391,46.58,51,36,6.6,scattered clouds
441,Faanui,PF,2022-02-10 17:21:42,-16.4833,-151.75,80.98,74,87,11.27,overcast clouds
442,Debre Zeyit,ET,2022-02-10 17:21:42,8.75,38.9833,68.07,35,21,13.4,few clouds
443,West Wendover,US,2022-02-10 17:21:42,40.7391,-114.0733,42.31,64,21,1.01,few clouds
444,Arlit,NE,2022-02-10 17:21:43,18.7369,7.3853,79.72,7,0,5.32,clear sky
445,Talnakh,RU,2022-02-10 17:18:09,69.4865,88.3972,-2.79,95,93,11.03,overcast clouds
446,Monrovia,LR,2022-02-10 17:21:43,6.3005,-10.7969,89.37,70,4,12.19,clear sky
447,Ihosy,MG,2022-02-10 17:21:44,-22.4,46.1167,73.24,88,40,6.17,light rain
448,Praia Da Vitoria,PT,2022-02-10 17:21:44,38.7333,-27.0667,63.75,82,20,7.83,few clouds
449,Cap Malheureux,MU,2022-02-10 17:21:44,-19.9842,57.6142,79.29,76,26,1.01,scattered clouds
450,Dawlatabad,AF,2022-02-10 17:21:45,36.4141,64.9053,50.13,51,53,4.32,broken clouds
451,Marabba,SD,2022-02-10 17:21:45,12.35,32.1833,84.56,16,3,11.21,clear sky
452,Zyryanka,RU,2022-02-10 17:21:45,65.75,150.85,-38.25,97,70,5.64,broken clouds
453,Abu Kamal,SY,2022-02-10 17:21:46,34.4506,40.9171,54.91,52,69,2.95,broken clouds
454,Mehamn,NO,2022-02-10 17:21:46,71.0357,27.8492,24.98,79,0,12.66,clear sky
455,Turukhansk,RU,2022-02-10 17:21:46,65.8167,87.9833,-23.8,98,21,4.27,few clouds
456,Takestan,IR,2022-02-10 17:21:47,36.0696,49.6959,48.33,47,97,7.09,overcast clouds
457,Sao Miguel Do Araguaia,BR,2022-02-10 17:21:47,-13.275,-50.1628,74.35,86,100,3.38,overcast clouds
458,Namibe,AO,2022-02-10 17:21:47,-15.1961,12.1522,75.99,68,100,7.72,overcast clouds
459,Nabire,ID,2022-02-10 17:21:47,-3.3667,135.4833,75.85,91,100,1.99,overcast clouds
460,Muroto,JP,2022-02-10 17:21:48,33.2833,134.15,47.07,63,1,5.75,clear sky
461,Viedma,AR,2022-02-10 17:20:28,-40.8135,-62.9967,67.01,41,89,21.9,overcast clouds
462,Imbituba,BR,2022-02-10 17:21:48,-28.24,-48.6703,82.29,64,6,14.54,clear sky
463,Espinosa,BR,2022-02-10 17:22:49,-14.9261,-42.8192,88.29,47,40,4.12,scattered clouds
464,Shenzhen,CN,2022-02-10 17:17:53,22.5455,114.0683,64.35,95,95,6.04,overcast clouds
465,North Bend,US,2022-02-10 17:20:05,43.4065,-124.2243,53.08,100,0,5.75,mist
466,Rocha,UY,2022-02-10 17:22:49,-34.4833,-54.3333,83.43,37,0,11.07,clear sky
467,Clyde River,CA,2022-02-10 17:19:19,70.4692,-68.5914,-16.37,69,100,0.0,overcast clouds
468,Nouakchott,MR,2022-02-10 17:20:03,18.0858,-15.9785,85.37,17,71,18.79,broken clouds
469,Iquique,CL,2022-02-10 17:22:49,-20.2208,-70.1431,75.24,64,4,5.7,clear sky
470,Laem Sing,TH,2022-02-10 17:22:50,12.4816,102.0738,84.15,100,72,4.92,broken clouds
471,Sedniv,UA,2022-02-10 17:22:50,51.6447,31.565,31.57,97,45,6.49,scattered clouds
472,Baykit,RU,2022-02-10 17:22:51,61.67,96.37,-16.69,98,14,3.04,few clouds
473,Plouzane,FR,2022-02-10 17:22:51,48.3833,-4.6167,47.08,84,40,8.05,scattered clouds
474,Champerico,GT,2022-02-10 17:19:22,14.3,-91.9167,89.76,58,0,6.15,clear sky
475,Rio Grande,BR,2022-02-10 17:22:51,-32.035,-52.0986,81.95,58,12,13.35,few clouds
476,Pudozh,RU,2022-02-10 17:22:52,61.8099,36.5345,22.95,97,81,7.14,broken clouds
477,Yantal,RU,2022-02-10 17:22:52,56.8471,105.2542,-24.47,100,61,2.55,broken clouds
478,Yumen,CN,2022-02-10 17:22:52,40.2833,97.2,23.86,44,64,8.05,broken clouds
479,Cardoso,BR,2022-02-10 17:22:53,-20.0819,-49.9142,80.78,70,99,4.38,overcast clouds
480,Taltal,CL,2022-02-10 17:22:53,-25.4,-70.4833,69.13,70,5,7.52,clear sky
481,Kaeo,NZ,2022-02-10 17:22:53,-35.1,173.7833,74.32,98,93,7.49,overcast clouds
482,Chaiyaphum,TH,2022-02-10 17:22:53,15.75,102.0,87.93,44,32,1.16,scattered clouds
483,Bandarbeyla,SO,2022-02-10 17:22:54,9.4942,50.8122,74.3,61,17,21.52,few clouds
484,Zaliztsi,UA,2022-02-10 17:22:54,49.7919,25.373,34.77,92,57,8.72,broken clouds
485,Charters Towers,AU,2022-02-10 17:22:54,-20.1,146.2667,73.15,82,55,9.13,broken clouds
486,Palmer,US,2022-02-10 17:22:55,42.1584,-72.3287,51.48,67,75,10.36,broken clouds
487,Aracaju,BR,2022-02-10 17:22:55,-10.9111,-37.0717,87.75,62,20,17.27,few clouds
488,Bud,US,2022-02-10 17:22:55,39.447,-86.1758,38.43,76,7,12.75,clear sky
489,Xinzhou,CN,2022-02-10 17:22:56,38.4092,112.7333,31.66,41,92,0.65,overcast clouds
490,Oriximina,BR,2022-02-10 17:22:56,-1.7656,-55.8661,82.04,80,65,1.43,broken clouds
491,Gazanjyk,TM,2022-02-10 17:22:57,39.2446,55.5154,56.41,40,100,4.63,overcast clouds
492,Lavrentiya,RU,2022-02-10 17:22:57,65.5833,-171.0,-29.97,96,50,4.34,scattered clouds
493,Kawalu,ID,2022-02-10 17:21:43,-7.3817,108.2082,73.45,93,100,2.15,heavy intensity rain
494,Saint-Augustin,CA,2022-02-10 17:22:57,51.226,-58.6502,23.5,88,100,5.44,overcast clouds
495,Matay,EG,2022-02-10 17:20:07,28.419,30.7792,58.26,41,87,12.24,overcast clouds
496,Yonibana,SL,2022-02-10 17:22:58,8.4447,-12.245,102.9,11,3,2.71,clear sky
497,Belomorsk,RU,2022-02-10 17:22:58,64.5232,34.7668,25.3,91,99,9.17,overcast clouds
498,Tangshan,CN,2022-02-10 17:22:59,39.6333,118.1833,34.02,52,100,4.56,overcast clouds
499,Ulcinj,ME,2022-02-10 17:22:59,41.9294,19.2244,50.22,68,4,0.83,clear sky
500,Riberalta,BO,2022-02-10 17:22:59,-10.9833,-66.1,86.2,70,75,6.91,broken clouds
501,Acandi,CO,2022-02-10 17:23:00,8.5063,-77.2778,82.38,77,67,6.17,broken clouds
502,Tchibanga,GA,2022-02-10 17:23:00,-2.85,11.0333,76.33,91,82,4.05,light rain
503,Ambatofinandrahana,MG,2022-02-10 17:23:00,-20.55,46.8,65.23,92,54,5.23,light rain
504,Manado,ID,2022-02-10 17:23:00,1.487,124.8455,77.77,94,40,1.14,moderate rain
505,Makokou,GA,2022-02-10 17:23:01,0.5738,12.8642,83.68,48,100,4.09,overcast clouds
506,Austin,US,2022-02-10 17:19:06,30.2672,-97.7431,69.31,44,0,6.91,clear sky
507,Margate,GB,2022-02-10 17:24:01,51.3813,1.3862,44.46,71,100,1.01,overcast clouds
508,Rioja,AR,2022-02-10 17:24:02,-29.4111,-66.8507,89.83,30,0,6.89,clear sky
509,Port Augusta,AU,2022-02-10 17:19:18,-32.5,137.7667,60.71,61,0,11.14,clear sky
510,Xuddur,SO,2022-02-10 17:24:02,4.1213,43.8894,81.93,26,26,10.09,scattered clouds
511,Flinders,AU,2022-02-10 17:21:25,-34.5833,150.8552,70.18,87,97,11.01,overcast clouds
512,Beisfjord,NO,2022-02-10 17:24:03,68.3751,17.5988,33.04,96,100,7.76,light snow
513,Bubaque,GW,2022-02-10 17:24:03,11.2833,-15.8333,79.66,70,3,13.02,clear sky
514,Buraydah,SA,2022-02-10 17:24:03,26.326,43.975,72.05,31,45,8.32,scattered clouds
515,Shimoda,JP,2022-02-10 17:24:04,34.6667,138.95,38.1,89,99,10.8,overcast clouds
516,Wajima,JP,2022-02-10 17:24:04,37.4,136.9,40.01,64,98,10.94,light rain
517,Hasaki,JP,2022-02-10 17:24:04,35.7333,140.8333,34.2,83,100,30.65,snow
518,Sioux Lookout,CA,2022-02-10 17:23:11,50.1001,-91.917,10.78,78,100,11.5,overcast clouds
519,Marsh Harbour,BS,2022-02-10 17:24:05,26.5412,-77.0636,72.84,77,100,14.16,overcast clouds
520,Bar Harbor,US,2022-02-10 17:24:05,44.3876,-68.2039,44.91,83,100,16.11,overcast clouds
521,Catuday,PH,2022-02-10 17:24:05,16.2923,119.8062,77.65,71,4,12.03,clear sky
522,Ishimbay,RU,2022-02-10 17:24:06,53.4545,56.0415,20.35,92,100,16.69,snow
523,Faya,SA,2022-02-10 17:24:06,18.3851,42.4509,60.91,68,5,4.79,clear sky
524,Matveyevka,RU,2022-02-10 17:24:07,52.15,56.1833,14.95,95,100,17.98,snow
525,Bireun,ID,2022-02-10 17:24:07,5.203,96.7009,77.56,85,100,4.34,overcast clouds
526,Nirmal,IN,2022-02-10 17:24:07,19.1,78.35,73.35,38,53,6.8,broken clouds
527,Morro Bay,US,2022-02-10 17:24:08,35.3658,-120.8499,70.0,43,0,8.25,clear sky
528,Palmito,CO,2022-02-10 17:24:08,9.3333,-75.55,92.97,59,85,3.91,overcast clouds
529,Itagi,BR,2022-02-10 17:24:08,-14.1628,-40.0061,92.28,33,10,6.08,clear sky
530,Cavalcante,BR,2022-02-10 17:24:09,-13.7975,-47.4583,75.47,80,78,4.36,light rain
531,Zdvinsk,RU,2022-02-10 17:24:09,54.7021,78.661,-13.11,100,13,6.53,few clouds
532,Zambezi,ZM,2022-02-10 17:24:09,-13.5432,23.1047,68.09,83,98,2.86,overcast clouds
533,Kurchum,KZ,2022-02-10 17:24:10,48.5722,83.6542,-6.56,99,70,2.86,broken clouds
534,Mirabad,AF,2022-02-10 17:24:10,30.4362,61.8383,60.39,17,0,8.25,clear sky
535,Praya,CV,2022-02-10 17:24:10,14.9215,-23.5087,82.94,39,0,18.41,clear sky
536,Hammerfest,NO,2022-02-10 17:24:11,70.6634,23.6821,26.33,79,0,1.14,clear sky
537,Gat,IL,2022-02-10 17:24:11,31.61,34.7642,52.48,100,68,7.56,broken clouds
538,Namie,JP,2022-02-10 17:24:11,37.4833,141.0,34.72,90,100,14.94,light snow
539,Outjo,NA,2022-02-10 17:24:12,-20.1167,16.15,66.36,79,93,6.22,moderate rain
540,Chkalovskoye,RU,2022-02-10 17:24:12,44.8392,133.0436,-0.18,100,96,2.44,overcast clouds
541,Kudahuvadhoo,MV,2022-02-10 17:24:12,2.6708,72.8944,81.46,75,66,10.87,broken clouds
542,Kislovodsk,RU,2022-02-10 17:24:13,43.9133,42.7208,26.24,86,36,6.38,scattered clouds
543,Camacha,PT,2022-02-10 17:24:13,33.0833,-16.3333,63.82,88,20,3.44,few clouds
544,Chik,RU,2022-02-10 17:24:13,54.9928,82.4311,-10.59,76,0,4.47,clear sky
545,Amuntai,ID,2022-02-10 17:24:14,-2.4177,115.2494,72.82,98,100,1.52,overcast clouds
546,Cape Coast,GH,2022-02-10 17:24:14,5.1053,-1.2466,82.2,76,1,12.71,clear sky
547,Wamba,NG,2022-02-10 17:24:14,8.9333,8.6,92.17,7,21,4.72,few clouds
548,Sao Joao Da Barra,BR,2022-02-10 17:24:15,-21.6403,-41.0511,77.09,92,100,7.83,overcast clouds
549,Opuwo,NA,2022-02-10 17:24:15,-18.0607,13.84,71.19,77,94,4.85,light rain
550,Saint-Denis,FR,2022-02-10 17:24:15,48.9167,2.3333,50.49,85,100,5.75,light rain
551,Hervey Bay,AU,2022-02-10 17:24:15,-25.2986,152.8535,68.11,72,0,12.41,clear sky
552,Semey,KZ,2022-02-10 17:25:16,50.4111,80.2275,-11.22,100,96,2.62,overcast clouds
553,Tazovskiy,RU,2022-02-10 17:25:16,67.4667,78.7,-0.71,82,4,15.17,clear sky
554,Bonavista,CA,2022-02-10 17:25:16,48.6499,-53.1147,38.12,80,68,5.14,broken clouds
555,Mbarara,UG,2022-02-10 17:25:17,-0.608,30.65,72.09,51,79,2.1,broken clouds
556,Ouadda,CF,2022-02-10 17:25:17,8.0777,22.4007,82.26,16,10,4.72,clear sky
557,Unnao,IN,2022-02-10 17:25:18,26.5333,80.5,57.18,66,0,7.65,clear sky
558,Pasichna,UA,2022-02-10 17:25:18,48.5715,24.43,32.45,94,78,6.17,broken clouds
559,Havoysund,NO,2022-02-10 17:22:12,70.9963,24.6622,25.03,72,100,10.65,overcast clouds
560,Porteirinha,BR,2022-02-10 17:25:18,-15.7433,-43.0283,87.75,49,48,2.13,scattered clouds
561,Redwater,US,2022-02-10 17:25:19,33.3582,-94.2544,66.49,37,17,4.36,few clouds
562,Port Lincoln,AU,2022-02-10 17:25:19,-34.7333,135.8667,61.77,72,14,13.33,few clouds
563,Cam Ranh,VN,2022-02-10 17:25:19,11.9214,109.1591,76.96,83,40,10.36,scattered clouds
564,Ulladulla,AU,2022-02-10 17:25:20,-35.35,150.4667,67.77,92,100,11.45,light rain
565,Kungurtug,RU,2022-02-10 17:25:20,50.5994,97.5228,-23.57,98,54,2.13,broken clouds
566,Queanbeyan,AU,2022-02-10 17:25:20,-35.35,149.2333,62.19,88,100,6.91,overcast clouds
567,Muros,ES,2022-02-10 17:25:21,42.7762,-9.0603,59.23,89,100,1.36,light rain
568,Medicine Hat,CA,2022-02-10 17:21:53,50.0501,-110.6683,54.84,41,100,13.8,overcast clouds
569,Manono,CD,2022-02-10 17:25:21,-7.3,27.4167,70.2,94,99,3.51,overcast clouds
570,Sao Filipe,CV,2022-02-10 17:25:22,14.8961,-24.4956,79.7,49,100,8.28,overcast clouds
571,Poum,NC,2022-02-10 17:25:22,-20.2333,164.0167,80.89,86,100,28.41,overcast clouds
572,Tautira,PF,2022-02-10 17:25:22,-17.7333,-149.15,80.62,76,56,12.86,light rain
573,Svetlaya,RU,2022-02-10 17:25:23,46.5389,138.3297,15.53,80,44,5.12,scattered clouds
574,Guatire,VE,2022-02-10 17:25:23,10.4762,-66.5427,86.5,55,30,6.76,scattered clouds
575,Emerald,AU,2022-02-10 17:25:23,-23.5333,148.1667,73.54,83,3,5.75,clear sky
576,Waddan,LY,2022-02-10 17:25:23,29.1614,16.139,56.68,44,7,10.85,clear sky
577,Sydney,AU,2022-02-10 17:20:42,-33.8679,151.2073,69.58,92,75,12.66,broken clouds
578,Namatanai,PG,2022-02-10 17:25:24,-3.6667,152.4333,79.2,83,88,3.96,light rain
579,Bauchi,NG,2022-02-10 17:25:24,10.5,10.0,82.08,8,48,5.59,scattered clouds
580,Verkhnetulomskiy,RU,2022-02-10 17:25:25,68.6073,31.7962,26.73,95,98,4.41,overcast clouds
581,Mindelo,CV,2022-02-10 17:25:25,16.8901,-24.9804,81.95,39,75,18.41,broken clouds
582,Kuytun,RU,2022-02-10 17:25:25,54.3419,101.5036,-29.16,100,48,1.1,scattered clouds
583,New Amsterdam,GY,2022-02-10 17:25:26,6.25,-57.5167,80.55,78,87,6.62,overcast clouds
584,Iwaki,JP,2022-02-10 17:25:26,37.05,140.8833,34.77,88,100,15.77,light snow
585,Behbahan,IR,2022-02-10 17:25:26,30.5959,50.2417,60.76,40,0,6.82,clear sky
586,Uarini,BR,2022-02-10 17:25:27,-2.99,-65.1083,89.55,72,90,3.51,overcast clouds
587,Valley City,US,2022-02-10 17:24:48,46.9233,-98.0032,38.39,100,75,25.32,broken clouds
588,Westport,US,2022-02-10 17:25:27,41.1415,-73.3579,53.46,61,0,12.66,clear sky
589,Zheleznodorozhnyy,RU,2022-02-10 17:25:27,55.7503,38.0042,33.98,93,70,6.85,broken clouds
590,Ust-Kuyga,RU,2022-02-10 17:25:28,70.0167,135.6,-25.04,98,96,9.08,overcast clouds
591,Ilo,PE,2022-02-10 17:25:28,-17.6394,-71.3375,74.26,69,0,11.5,clear sky
592,Vostok,RU,2022-02-10 17:25:28,46.4856,135.8833,3.6,98,86,3.24,overcast clouds
593,Atherton,GB,2022-02-10 17:25:29,53.5237,-2.4935,43.45,81,24,7.0,few clouds
594,Villefontaine,FR,2022-02-10 17:25:29,45.6125,5.1456,52.56,66,2,2.21,clear sky
595,Oktyabrskoye,RU,2022-02-10 17:25:29,43.0645,44.7417,30.34,100,100,0.0,overcast clouds
596,Puerto Asis,CO,2022-02-10 17:25:29,0.5133,-76.5007,84.76,60,100,2.37,overcast clouds
597,Tomatlan,MX,2022-02-10 17:26:30,19.9333,-105.25,81.59,23,1,4.09,clear sky
598,Codajas,BR,2022-02-10 17:26:30,-3.8367,-62.0569,82.47,85,100,0.45,overcast clouds
599,Newport,GB,2022-02-10 17:22:38,51.5877,-2.9984,45.25,67,51,1.99,broken clouds
600,Voh,NC,2022-02-10 17:26:31,-20.9667,164.7,78.89,92,100,14.9,overcast clouds
601,Omboue,GA,2022-02-10 17:26:31,-1.5746,9.2618,79.66,84,97,7.92,moderate rain
602,Flin Flon,CA,2022-02-10 17:26:31,54.7682,-101.865,6.64,78,100,10.36,light snow
603,Singkang,MY,2022-02-10 17:26:31,2.1006,102.7994,75.09,98,100,3.47,light rain
604,Sinjar,IQ,2022-02-10 17:26:32,36.3209,41.8754,48.67,64,13,2.53,few clouds
605,Marzuq,YE,2022-02-10 17:22:36,14.4,46.4667,65.62,40,75,3.02,broken clouds
606,Phetchaburi,TH,2022-02-10 17:26:32,12.9667,99.5833,76.86,73,100,3.22,overcast clouds
607,Shingu,JP,2022-02-10 17:26:32,33.7333,135.9833,44.91,86,5,7.92,clear sky
608,Libertador General San Martin,AR,2022-02-10 17:26:33,-23.8064,-64.7876,92.97,31,5,8.01,clear sky
609,Mercedes,AR,2022-02-10 17:26:33,-34.6515,-59.4307,88.86,22,0,10.07,clear sky
610,Lensk,RU,2022-02-10 17:26:33,60.7253,114.9278,-8.63,97,100,5.28,overcast clouds
611,Kayerkan,RU,2022-02-10 17:26:34,69.3497,87.7602,-3.48,84,56,9.08,broken clouds
612,Xining,CN,2022-02-10 17:26:34,36.6167,101.7667,18.05,93,100,1.66,overcast clouds
613,Ahipara,NZ,2022-02-10 17:26:24,-35.1667,173.1667,72.75,96,92,9.48,overcast clouds
614,Marondera,ZW,2022-02-10 17:26:34,-18.1853,31.5519,62.28,84,99,3.8,overcast clouds
615,Oktyabrskiy,RU,2022-02-10 17:26:35,54.4815,53.471,20.77,92,100,14.05,light snow
616,Elesbao Veloso,BR,2022-02-10 17:26:35,-6.2019,-42.1403,88.83,55,53,2.89,broken clouds
617,Galdar,ES,2022-02-10 17:26:35,28.147,-15.6502,73.53,54,35,1.66,scattered clouds
618,Inhambane,MZ,2022-02-10 17:26:36,-23.865,35.3833,78.78,78,20,6.91,few clouds
619,Lake Havasu City,US,2022-02-10 17:26:36,34.4839,-114.3224,69.1,24,0,14.97,clear sky
620,Cunduacan,MX,2022-02-10 17:26:36,18.0667,-93.1667,75.16,79,76,8.86,broken clouds
621,Kunming,CN,2022-02-10 17:26:37,25.0389,102.7183,44.53,65,0,11.18,clear sky
622,Ambikapur,IN,2022-02-10 17:26:37,23.1167,83.2,56.01,59,12,4.79,few clouds
623,Iqaluit,CA,2022-02-10 17:26:37,63.7506,-68.5145,-11.47,77,100,3.44,light snow
624,Fairbanks,US,2022-02-10 17:23:00,64.8378,-147.7164,-7.69,76,100,0.0,light snow
625,Dakar,SN,2022-02-10 17:22:59,14.6937,-17.4441,97.68,39,87,11.5,overcast clouds
626,San Rafael,AR,2022-02-10 17:26:38,-34.6177,-68.3301,87.73,24,49,18.05,scattered clouds
627,Boende,CD,2022-02-10 17:26:38,-0.2167,20.8667,88.68,32,83,2.44,broken clouds
628,Ixtapa,MX,2022-02-10 17:26:38,20.7,-105.2,70.83,60,0,0.0,clear sky
629,Segou,ML,2022-02-10 17:26:39,13.4317,-6.2157,93.56,7,0,12.3,clear sky
630,Bilma,NE,2022-02-10 17:26:09,18.6853,12.9164,71.51,12,0,5.21,clear sky
631,Conceicao Do Araguaia,BR,2022-02-10 17:26:39,-8.2578,-49.2647,83.14,74,95,2.75,overcast clouds
632,Atar,MR,2022-02-10 17:26:40,20.5169,-13.0499,86.47,8,63,20.38,broken clouds
633,Nizhniy Tsasuchey,RU,2022-02-10 17:26:40,50.5167,115.1333,-8.16,94,87,5.95,overcast clouds
634,Nadym,RU,2022-02-10 17:26:40,65.5333,72.5167,3.74,85,7,21.03,clear sky
635,Chimbote,PE,2022-02-10 17:24:22,-9.0853,-78.5783,76.3,65,90,8.3,overcast clouds
636,Rosetta,EG,2022-02-10 17:26:41,31.4044,30.4164,57.02,64,90,11.54,overcast clouds
637,La Cruz,MX,2022-02-10 17:26:41,23.9167,-106.9,71.53,39,2,3.2,clear sky
638,Ryotsu,JP,2022-02-10 17:26:41,38.0833,138.4333,38.57,65,97,9.89,overcast clouds
639,Marawi,PH,2022-02-10 17:26:42,7.9986,124.2928,66.65,97,100,0.83,heavy intensity rain
640,Luanda,AO,2022-02-10 17:25:28,-8.8368,13.2343,78.96,75,84,16.67,broken clouds
641,Cecava,BA,2022-02-10 17:26:42,44.6867,17.7706,43.57,69,9,2.13,clear sky
642,Sergeyevka,KZ,2022-02-10 17:26:42,53.88,67.4158,-2.45,93,10,8.39,clear sky
643,Omis,HR,2022-02-10 17:27:43,43.4447,16.6886,49.93,67,1,0.72,clear sky
644,Itumba,TZ,2022-02-10 17:27:43,-9.4,33.1833,64.13,95,95,2.08,moderate rain
645,Gari,RU,2022-02-10 17:27:43,59.4307,62.3497,10.35,92,77,10.76,broken clouds
646,Puteyets,RU,2022-02-10 17:27:44,65.1716,57.091,26.29,93,100,17.07,light snow
647,Okhotsk,RU,2022-02-10 17:27:44,59.3833,143.3,5.32,89,100,5.1,overcast clouds
648,Manali,IN,2022-02-10 17:27:44,13.1667,80.2667,80.08,78,3,9.28,clear sky
649,Tura,IN,2022-02-10 17:27:45,25.5198,90.2201,57.76,87,36,2.42,scattered clouds
650,Hagdan,PH,2022-02-10 17:27:45,11.3333,123.9,78.91,78,100,20.38,overcast clouds
651,Sterling,US,2022-02-10 17:27:45,39.0062,-77.4286,58.51,40,40,11.5,scattered clouds
652,Vardo,NO,2022-02-10 17:27:46,70.3705,31.1107,26.8,80,75,8.05,broken clouds
653,Farmington,US,2022-02-10 17:23:34,36.7281,-108.2187,45.73,45,0,4.0,clear sky
654,Voi,KE,2022-02-10 17:27:46,-3.3945,38.563,82.36,41,69,5.97,broken clouds
655,Dzhebariki-Khaya,RU,2022-02-10 17:27:46,62.2167,135.8,-36.22,100,90,0.36,overcast clouds
656,Tabou,CI,2022-02-10 17:27:47,4.423,-7.3528,82.71,74,60,10.6,broken clouds
657,Shakiso,ET,2022-02-10 17:27:47,5.75,38.9167,70.65,40,75,2.84,broken clouds
658,Mitu,CO,2022-02-10 17:27:47,1.1983,-70.1733,89.6,48,100,2.37,overcast clouds
659,Krabi,TH,2022-02-10 17:27:48,8.0726,98.9105,86.99,88,20,2.3,few clouds
660,Yakeshi,CN,2022-02-10 17:27:48,49.2833,120.7333,6.21,96,100,6.4,light snow
661,Christchurch,NZ,2022-02-10 17:24:44,-43.5333,172.6333,63.03,95,100,6.91,mist
662,Antofagasta,CL,2022-02-10 17:24:49,-23.65,-70.4,72.68,56,1,8.08,clear sky
663,Fruitvale,US,2022-02-10 17:22:57,39.0817,-108.4968,45.9,50,0,9.22,clear sky
664,Hambantota,LK,2022-02-10 17:27:49,6.1241,81.1185,78.24,78,69,1.7,moderate rain
665,Kyshtovka,RU,2022-02-10 17:26:50,56.555,76.6271,-11.22,100,6,5.01,clear sky
666,Sribne,UA,2022-02-10 17:27:49,50.6638,32.9187,34.14,100,100,8.3,overcast clouds
667,Sorong,ID,2022-02-10 17:27:49,-0.8833,131.25,79.66,78,100,6.11,overcast clouds
668,Adre,TD,2022-02-10 17:27:50,13.4667,22.2,73.74,11,0,10.29,clear sky
669,Vila Velha,BR,2022-02-10 17:23:11,-20.3297,-40.2925,78.75,82,20,14.97,few clouds
670,Batemans Bay,AU,2022-02-10 17:27:50,-35.7167,150.1833,68.09,92,95,7.45,overcast clouds
671,Chateaudun,FR,2022-02-10 17:27:50,48.0833,1.3333,46.6,90,90,5.53,overcast clouds
672,Brigantine,US,2022-02-10 17:27:51,39.4101,-74.3646,57.34,46,20,18.41,few clouds
673,Tshikapa,CD,2022-02-10 17:27:51,-6.4167,20.8,77.81,78,73,4.99,light rain
674,Shaikhpura,IN,2022-02-10 17:27:51,25.15,85.85,61.97,68,50,6.76,scattered clouds
675,Calabozo,VE,2022-02-10 17:27:52,8.9242,-67.4293,92.62,33,100,6.98,overcast clouds
676,Kemijarvi,FI,2022-02-10 17:27:52,66.7131,27.4306,24.39,96,100,5.7,overcast clouds
677,Aasiaat,GL,2022-02-10 17:27:52,68.7098,-52.8699,-19.68,99,100,7.36,overcast clouds
678,Simao,CN,2022-02-10 17:27:52,22.7886,100.9748,51.33,43,0,0.87,clear sky
679,Bowen,AU,2022-02-10 17:27:53,-20.0167,148.2333,73.62,78,13,6.78,few clouds
680,Ushtobe,KZ,2022-02-10 17:27:53,45.2514,77.9838,16.34,96,99,4.34,overcast clouds
681,Bako,ET,2022-02-10 17:27:53,5.7833,36.5667,73.54,38,47,3.83,scattered clouds
682,Mezen,RU,2022-02-10 17:27:54,65.8522,44.24,25.18,90,100,13.69,overcast clouds
683,Leh,IN,2022-02-10 17:27:54,34.1667,77.5833,-3.19,90,100,1.03,overcast clouds
684,Heishan,CN,2022-02-10 17:27:54,41.6892,122.1128,28.49,77,44,5.84,scattered clouds
685,Chongwe,ZM,2022-02-10 17:27:55,-15.3292,28.682,67.21,94,100,4.34,moderate rain
686,Vestmannaeyjar,IS,2022-02-10 17:23:14,63.4427,-20.2734,34.79,80,40,20.71,scattered clouds
687,Mount Gambier,AU,2022-02-10 17:27:55,-37.8333,140.7667,48.11,93,75,1.14,broken clouds
688,Bhakkar,PK,2022-02-10 17:27:55,31.6253,71.0657,58.51,40,0,4.23,clear sky
689,Yarmouth,US,2022-02-10 17:27:56,41.7057,-70.2286,52.97,81,75,13.8,broken clouds
690,Nihommatsu,JP,2022-02-10 17:27:56,37.5833,140.4333,32.31,80,100,4.79,light snow
691,Marsassoum,SN,2022-02-10 17:28:56,12.8275,-15.9806,100.49,6,7,9.6,clear sky
692,Nyaunglebin,MM,2022-02-10 17:28:57,17.95,96.7333,66.06,28,38,2.68,scattered clouds
693,Jining,CN,2022-02-10 17:28:57,35.405,116.5814,42.01,1,90,4.7,overcast clouds
694,Mocuba,MZ,2022-02-10 17:28:57,-16.8392,36.9856,76.66,81,93,5.44,overcast clouds
695,Mamallapuram,IN,2022-02-10 17:28:58,12.6264,80.1722,80.06,75,6,11.59,clear sky
696,Puerto Narino,CO,2022-02-10 17:28:58,-3.7703,-70.3831,85.95,71,100,2.17,overcast clouds
697,Abnub,EG,2022-02-10 17:28:58,27.2696,31.1511,57.42,46,5,11.39,clear sky
698,Ananas,HT,2022-02-10 17:28:59,19.2466,-71.9557,75.27,49,6,2.28,clear sky
699,Ternate,ID,2022-02-10 17:28:59,0.8,127.4,79.97,82,96,4.81,overcast clouds
700,Acaponeta,MX,2022-02-10 17:28:59,22.4964,-105.3594,78.84,21,0,3.29,clear sky
701,Kupang,ID,2022-02-10 17:29:00,-10.1667,123.5833,75.85,94,100,3.76,light rain
702,Nuuk,GL,2022-02-10 17:29:00,64.1835,-51.7216,27.21,86,75,13.0,broken clouds
703,Ypsonas,CY,2022-02-10 17:29:00,34.6884,32.9574,54.57,54,20,6.91,few clouds
704,Bongor,TD,2022-02-10 17:29:01,10.2806,15.3722,84.65,7,3,6.71,clear sky
